filename,activity,whistle_snr_db,click_crest_factor,rms_energy
1705_20170930_014847_062.flac,HIGH,60.8,13.1,0.147
1705_20170930_022647_062.flac,HIGH,55.4,7.8,0.1285
1705_20170930_012747_062.flac,HIGH,52.9,33.7,0.0302
1705_20170930_012847_062.flac,HIGH,49.5,35.0,0.0335
1705_20170930_012947_062.flac,HIGH,49.0,32.6,0.0332
1705_20170930_014747_062.flac,HIGH,48.9,15.9,0.0737
1705_20170930_034847_062.flac,HIGH,48.8,12.1,0.0828
1705_20170930_012647_062.flac,HIGH,48.4,38.0,0.029
1705_20170930_013447_062.flac,HIGH,48.3,6.7,0.2253
1705_20170930_022247_062.flac,HIGH,47.7,11.1,0.0966
1705_20170930_021847_062.flac,HIGH,46.9,14.7,0.085
1705_20170930_034547_062.flac,HIGH,46.7,13.7,0.0865
1705_20170930_014647_062.flac,HIGH,46.7,13.0,0.0815
1705_20170930_013947_062.flac,HIGH,46.5,8.7,0.1127
1705_20170930_015047_062.flac,HIGH,46.0,5.5,0.0966
1705_20170930_034247_062.flac,HIGH,45.8,15.3,0.0739
1705_20170930_011947_062.flac,HIGH,45.7,17.4,0.0299
1705_20170930_015947_062.flac,HIGH,45.6,7.5,0.0733
1705_20170930_014247_062.flac,HIGH,44.4,15.3,0.0823
1705_20170930_014547_062.flac,HIGH,44.4,14.3,0.0894
1705_20170930_034347_062.flac,HIGH,44.2,6.8,0.106
1705_20170930_014447_062.flac,HIGH,44.1,14.2,0.0766
1705_20170930_015547_062.flac,HIGH,44.1,7.6,0.0633
1705_20170930_011547_062.flac,HIGH,43.9,18.5,0.0358
1705_20170930_012347_062.flac,HIGH,43.7,28.8,0.035
1705_20170930_014147_062.flac,HIGH,43.7,12.7,0.0996
1705_20170930_014947_062.flac,HIGH,43.2,16.2,0.0614
1705_20170929_232547_062.flac,HIGH,42.5,24.5,0.0408
1705_20170930_033947_062.flac,HIGH,42.2,15.5,0.0643
1705_20170930_014047_062.flac,HIGH,42.0,8.2,0.1414
1705_20170930_023547_062.flac,HIGH,42.0,6.5,0.0763
1705_20170930_035047_062.flac,HIGH,41.8,17.0,0.0743
1705_20170930_022147_062.flac,HIGH,41.8,11.3,0.0807
1705_20170930_020747_062.flac,HIGH,41.5,10.9,0.103
1705_20170930_034047_062.flac,HIGH,41.4,11.6,0.0859
1705_20170930_034147_062.flac,HIGH,41.3,14.1,0.0707
1705_20170930_022347_062.flac,HIGH,41.1,6.2,0.1325
1705_20170929_232247_062.flac,HIGH,41.0,43.2,0.0304
1705_20170929_232047_062.flac,HIGH,40.6,19.4,0.0363
1705_20170930_035247_062.flac,HIGH,40.5,16.8,0.0692
1705_20170930_034447_062.flac,HIGH,40.5,6.0,0.0856
1705_20170930_024947_062.flac,HIGH,40.4,6.4,0.1367
1705_20170930_020847_062.flac,HIGH,40.0,5.4,0.0933
1705_20170930_023647_062.flac,HIGH,39.9,5.2,0.0629
1705_20170930_020947_062.flac,HIGH,39.8,7.9,0.0785
1705_20170930_034747_062.flac,HIGH,39.1,22.5,0.0639
1705_20170930_013247_062.flac,HIGH,39.1,11.2,0.0258
1705_20170930_031347_062.flac,HIGH,38.9,6.3,0.0696
1705_20170930_021547_062.flac,HIGH,38.7,11.0,0.0904
1705_20170929_230647_062.flac,HIGH,38.7,8.0,0.0212
1705_20170930_040647_062.flac,HIGH,38.7,6.7,0.0629
1705_20170930_024247_062.flac,HIGH,38.7,5.6,0.108
1705_20170929_232447_062.flac,HIGH,38.6,33.7,0.0302
1705_20170930_033747_062.flac,HIGH,38.5,5.8,0.0725
1705_20170929_230347_062.flac,HIGH,38.5,5.6,0.045
1705_20170930_025147_062.flac,HIGH,38.4,5.8,0.0911
1705_20170929_230547_062.flac,HIGH,38.3,5.4,0.026
1705_20170930_033447_062.flac,HIGH,38.2,8.4,0.0925
1705_20170930_032447_062.flac,HIGH,38.2,7.9,0.0764
1705_20170930_013547_062.flac,HIGH,38.2,6.1,0.1047
1705_20170930_025347_062.flac,HIGH,38.2,4.9,0.0524
1705_20170930_012247_062.flac,HIGH,37.8,14.5,0.0302
1705_20170930_025547_062.flac,HIGH,37.8,5.7,0.0768
1705_20170929_231847_062.flac,HIGH,37.7,20.7,0.034
1705_20170930_021047_062.flac,HIGH,37.7,13.7,0.0682
1705_20170930_032047_062.flac,HIGH,37.7,9.6,0.0799
1705_20170929_230247_062.flac,HIGH,37.7,6.8,0.03
1705_20170930_021647_062.flac,HIGH,37.7,5.9,0.0737
1705_20170930_024147_062.flac,HIGH,37.6,6.0,0.0768
1705_20170930_034647_062.flac,HIGH,37.5,14.1,0.0801
1705_20170930_020147_062.flac,HIGH,37.5,5.7,0.0643
1705_20170930_033847_062.flac,HIGH,37.4,8.7,0.0926
1705_20170930_015447_062.flac,HIGH,37.4,7.6,0.075
1705_20170930_014347_062.flac,HIGH,37.4,5.8,0.0865
1705_20170930_041447_062.flac,HIGH,37.4,5.5,0.0823
1705_20170929_234047_062.flac,HIGH,37.3,7.4,0.0313
1705_20170930_021447_062.flac,HIGH,37.1,13.0,0.071
1705_20170930_025647_062.flac,HIGH,37.1,5.9,0.066
1705_20170930_013347_062.flac,HIGH,37.0,5.6,0.1457
1705_20170930_020447_062.flac,HIGH,36.8,6.4,0.0636
1705_20170930_042047_062.flac,HIGH,36.5,12.9,0.0805
1705_20170930_025447_062.flac,HIGH,36.5,6.7,0.0666
1705_20170930_023847_062.flac,HIGH,36.5,5.9,0.0749
1705_20170930_020547_062.flac,HIGH,36.5,5.4,0.1087
1705_20170930_023747_062.flac,HIGH,36.3,14.5,0.0707
1705_20170930_031547_062.flac,HIGH,36.3,13.7,0.0778
1705_20170930_024647_062.flac,HIGH,36.3,6.3,0.0498
1705_20170930_022847_062.flac,HIGH,36.3,6.1,0.093
1705_20170930_013747_062.flac,HIGH,36.2,8.5,0.0842
1705_20170929_232647_062.flac,HIGH,36.1,46.9,0.024
1705_20170930_015647_062.flac,HIGH,36.1,6.6,0.0597
1705_20170930_022447_062.flac,HIGH,36.1,6.0,0.084
1705_20170930_032347_062.flac,HIGH,36.1,5.8,0.0929
1705_20170930_013147_062.flac,HIGH,36.0,12.6,0.0382
1705_20170930_011847_062.flac,HIGH,35.9,15.7,0.0295
1705_20170930_015247_062.flac,HIGH,35.8,6.1,0.0835
1705_20170930_013847_062.flac,HIGH,35.7,11.7,0.0782
1705_20170930_032547_062.flac,HIGH,35.7,7.2,0.0876
1705_20170929_225647_062.flac,HIGH,35.5,6.2,0.0313
1705_20170930_041847_062.flac,HIGH,35.5,4.9,0.0967
1705_20170930_011747_062.flac,HIGH,35.4,28.4,0.0269
1705_20170930_021147_062.flac,HIGH,35.3,9.5,0.1047
1705_20170930_011647_062.flac,HIGH,35.2,30.6,0.0238
1705_20170929_231647_062.flac,HIGH,35.2,24.7,0.0283
1705_20170930_015147_062.flac,HIGH,35.2,13.1,0.084
1705_20170930_025247_062.flac,HIGH,35.2,7.6,0.0329
1705_20170929_232147_062.flac,HIGH,35.1,42.5,0.0281
1705_20170930_024547_062.flac,HIGH,35.1,5.7,0.0715
1705_20170930_023947_062.flac,HIGH,35.0,6.4,0.0812
1705_20170930_012547_062.flac,HIGH,34.9,35.0,0.033
1705_20170929_230847_062.flac,HIGH,34.9,15.2,0.0278
1705_20170930_015847_063.flac,HIGH,34.8,6.7,0.0741
1705_20170930_011347_062.flac,HIGH,34.8,6.5,0.0294
1705_20170929_231047_062.flac,HIGH,34.8,5.4,0.0223
1705_20170930_024847_062.flac,HIGH,34.6,5.9,0.074
1705_20170930_022047_062.flac,HIGH,34.4,5.3,0.1235
1705_20170930_021947_062.flac,HIGH,34.3,7.0,0.0862
1705_20170930_020247_062.flac,HIGH,34.3,6.9,0.0794
1705_20170930_012147_063.flac,HIGH,34.2,36.6,0.0412
1705_20170930_040747_062.flac,HIGH,34.2,9.6,0.0459
1705_20170930_030747_062.flac,HIGH,34.2,6.4,0.0817
1705_20170930_025747_062.flac,HIGH,34.0,10.2,0.0964
1705_20170930_011447_062.flac,HIGH,34.0,5.7,0.0379
1705_20170929_231747_062.flac,HIGH,33.9,14.7,0.031
1705_20170929_230947_062.flac,HIGH,33.9,5.9,0.0269
1705_20170930_025847_062.flac,HIGH,33.9,5.5,0.072
1705_20170930_021247_062.flac,HIGH,33.8,8.1,0.0729
1705_20170929_235047_062.flac,HIGH,33.8,6.8,0.0355
1705_20170930_023347_062.flac,HIGH,33.8,6.0,0.075
1705_20170930_031247_062.flac,HIGH,33.8,5.4,0.0905
1705_20170930_030847_062.flac,HIGH,33.8,5.3,0.0648
1705_20170930_032947_062.flac,HIGH,33.7,7.5,0.0847
1705_20170929_230447_062.flac,HIGH,33.6,6.6,0.0251
1705_20170929_231347_062.flac,HIGH,33.5,15.3,0.0279
1705_20170930_015747_062.flac,HIGH,33.5,8.1,0.067
1705_20170930_032747_062.flac,HIGH,33.4,11.4,0.0731
1705_20170930_030447_062.flac,HIGH,33.4,6.8,0.0779
1705_20170929_231947_062.flac,HIGH,33.3,10.9,0.0379
1705_20170930_030947_062.flac,HIGH,33.3,7.2,0.0664
1705_20170930_013647_062.flac,HIGH,33.3,7.0,0.0628
1705_20170930_041347_062.flac,HIGH,33.2,7.0,0.0755
1705_20170930_020047_062.flac,HIGH,33.1,9.4,0.0622
1705_20170930_024047_062.flac,HIGH,33.1,5.4,0.0697
1705_20170930_032247_062.flac,HIGH,32.9,16.2,0.0818
1705_20170929_230747_062.flac,HIGH,32.9,5.7,0.0258
1705_20170930_023247_062.flac,HIGH,32.9,5.0,0.0667
1705_20170930_022747_062.flac,HIGH,32.8,5.4,0.0959
1705_20170930_015347_062.flac,HIGH,32.7,14.6,0.0867
1705_20170930_033347_062.flac,HIGH,32.7,13.3,0.0752
1705_20170930_035947_062.flac,HIGH,32.6,10.6,0.0964
1705_20170930_012047_062.flac,HIGH,32.4,15.0,0.034
1705_20170930_010447_062.flac,HIGH,32.4,5.7,0.0258
1705_20170930_033647_062.flac,HIGH,32.2,16.4,0.0751
1705_20170930_033547_062.flac,HIGH,32.2,10.7,0.0726
1705_20170930_012447_062.flac,HIGH,32.1,40.5,0.0308
1705_20170929_231447_062.flac,HIGH,31.9,18.2,0.0274
1705_20170930_020647_062.flac,MEDIUM,31.9,5.5,0.1373
1705_20170930_001147_062.flac,MEDIUM,31.5,5.7,0.1112
1705_20170929_233847_062.flac,MEDIUM,31.5,4.9,0.0342
1705_20170929_234447_062.flac,HIGH,31.3,31.9,0.0243
1705_20170930_005747_062.flac,MEDIUM,31.1,12.3,0.0227
1705_20170930_021747_062.flac,MEDIUM,31.0,9.3,0.0688
1705_20170930_041947_062.flac,MEDIUM,31.0,8.5,0.1176
1705_20170929_233247_062.flac,MEDIUM,31.0,6.0,0.0322
1705_20170930_040547_062.flac,MEDIUM,30.9,9.8,0.0628
1705_20170930_022947_062.flac,MEDIUM,30.8,6.9,0.0916
1705_20170930_042647_062.flac,HIGH,30.7,15.1,0.0383
1705_20170930_010947_062.flac,MEDIUM,30.7,7.6,0.0219
1705_20170930_003747_062.flac,MEDIUM,30.7,7.1,0.0247
1705_20170929_234647_062.flac,MEDIUM,30.7,5.7,0.0245
1705_20170929_234747_062.flac,HIGH,30.6,16.3,0.0288
1705_20170929_235147_062.flac,HIGH,30.5,29.3,0.024
1705_20170930_033047_062.flac,MEDIUM,30.5,11.9,0.084
1705_20170930_031447_062.flac,MEDIUM,30.5,11.3,0.0776
1705_20170929_235247_062.flac,MEDIUM,30.5,6.4,0.0262
1705_20170930_031047_062.flac,MEDIUM,30.5,6.0,0.0637
1705_20170929_234947_062.flac,MEDIUM,30.4,6.3,0.0344
1705_20170930_010747_062.flac,MEDIUM,30.4,5.0,0.0327
1705_20170930_001347_062.flac,MEDIUM,30.3,6.0,0.0424
1705_20170929_232847_062.flac,MEDIUM,30.3,5.0,0.0334
1705_20170930_041747_062.flac,MEDIUM,30.2,9.8,0.0665
1705_20170930_002947_062.flac,MEDIUM,30.2,5.8,0.0364
1705_20170930_022547_062.flac,MEDIUM,30.2,5.0,0.0868
1705_20170930_023447_062.flac,MEDIUM,30.1,6.9,0.0698
1705_20170930_021347_062.flac,MEDIUM,30.1,6.6,0.0922
1705_20170929_234147_062.flac,MEDIUM,30.0,4.4,0.0303
1705_20170930_013047_062.flac,MEDIUM,29.9,13.7,0.0251
1705_20170930_011147_062.flac,MEDIUM,29.8,12.6,0.0242
1705_20170930_040947_062.flac,MEDIUM,29.8,5.3,0.083
1705_20170930_003047_062.flac,MEDIUM,29.8,4.8,0.0269
1705_20170929_231147_062.flac,MEDIUM,29.7,10.1,0.028
1705_20170930_010547_062.flac,MEDIUM,29.7,6.6,0.0277
1705_20170930_023147_062.flac,MEDIUM,29.7,6.1,0.0768
1705_20170930_043047_062.flac,HIGH,29.6,21.7,0.024
1705_20170930_020347_062.flac,MEDIUM,29.6,7.1,0.0753
1705_20170930_030047_062.flac,MEDIUM,29.6,4.8,0.1178
1705_20170930_035147_062.flac,MEDIUM,29.4,6.0,0.0769
1705_20170930_011247_062.flac,MEDIUM,29.3,7.7,0.0303
1705_20170930_003947_062.flac,MEDIUM,29.2,9.2,0.0217
1705_20170929_235847_062.flac,MEDIUM,29.2,6.0,0.0295
1705_20170930_003247_062.flac,MEDIUM,29.2,5.6,0.0216
1705_20170930_023047_062.flac,MEDIUM,29.2,5.1,0.0888
1705_20170930_011047_062.flac,MEDIUM,29.1,6.1,0.0283
1705_20170930_030147_062.flac,MEDIUM,29.1,5.4,0.1152
1705_20170930_024447_062.flac,MEDIUM,29.0,5.8,0.0643
1705_20170930_043447_062.flac,HIGH,28.9,17.2,0.0239
1705_20170930_024747_062.flac,MEDIUM,28.9,6.8,0.0327
1705_20170930_042447_062.flac,MEDIUM,28.9,5.3,0.0644
1705_20170929_234247_062.flac,HIGH,28.8,22.3,0.0272
1705_20170930_010647_062.flac,MEDIUM,28.8,6.8,0.0241
1705_20170930_032147_062.flac,MEDIUM,28.8,6.5,0.0953
1705_20170930_024347_062.flac,MEDIUM,28.7,5.6,0.0756
1705_20170930_040247_062.flac,MEDIUM,28.5,6.3,0.0438
1705_20170929_234847_062.flac,MEDIUM,28.5,5.7,0.0373
1705_20170930_030247_062.flac,MEDIUM,28.5,4.8,0.0545
1705_20170930_035647_062.flac,MEDIUM,28.4,6.4,0.0989
1705_20170930_025047_062.flac,MEDIUM,28.4,6.3,0.055
1705_20170930_030547_062.flac,MEDIUM,28.4,5.9,0.0795
1705_20170929_225747_062.flac,MEDIUM,28.4,5.6,0.0316
1705_20170929_232347_062.flac,MEDIUM,28.2,6.7,0.04
1705_20170929_235447_062.flac,MEDIUM,28.2,6.6,0.0298
1705_20170930_005047_062.flac,MEDIUM,28.1,7.4,0.0254
1705_20170930_010047_062.flac,MEDIUM,27.9,9.0,0.0311
1705_20170930_000047_062.flac,MEDIUM,27.9,5.6,0.0255
1705_20170929_234547_062.flac,MEDIUM,27.9,4.7,0.022
1705_20170930_025947_062.flac,MEDIUM,27.8,6.8,0.0836
1705_20170930_005647_062.flac,MEDIUM,27.7,6.1,0.0405
1705_20170929_235747_062.flac,MEDIUM,27.5,11.2,0.0345
1705_20170929_234347_062.flac,MEDIUM,27.5,5.9,0.0352
1705_20170929_231247_062.flac,MEDIUM,27.4,10.3,0.0264
1705_20170930_043147_062.flac,MEDIUM,27.4,8.5,0.0205
1705_20170930_042247_062.flac,MEDIUM,27.4,6.1,0.0996
1705_20170929_231547_062.flac,MEDIUM,27.3,7.1,0.037
1705_20170929_233047_062.flac,MEDIUM,27.3,6.7,0.0318
1705_20170930_005447_062.flac,MEDIUM,27.1,7.3,0.0277
1705_20170929_233747_062.flac,MEDIUM,26.8,9.8,0.0312
1705_20170930_004147_062.flac,MEDIUM,26.8,9.0,0.0295
1705_20170930_040347_062.flac,MEDIUM,26.5,5.6,0.0464
1705_20170930_035447_062.flac,MEDIUM,26.2,6.0,0.0615
1705_20170930_040047_062.flac,MEDIUM,26.2,4.8,0.1008
1705_20170930_034947_062.flac,MEDIUM,26.1,6.6,0.0545
1705_20170929_233647_062.flac,MEDIUM,26.0,8.1,0.0237
1705_20170930_042747_062.flac,MEDIUM,26.0,7.9,0.0339
1705_20170930_002247_062.flac,MEDIUM,26.0,6.3,0.0278
1705_20170930_030347_062.flac,MEDIUM,25.9,7.4,0.071
1705_20170930_033247_062.flac,MEDIUM,25.9,6.1,0.0732
1705_20170929_233147_062.flac,MEDIUM,25.9,5.8,0.0243
1705_20170929_232747_062.flac,MEDIUM,25.7,7.7,0.0262
1705_20170929_230047_062.flac,MEDIUM,25.7,5.3,0.0481
1705_20170930_041147_062.flac,MEDIUM,25.6,7.1,0.0759
1705_20170930_004047_062.flac,MEDIUM,25.6,4.9,0.0267
1705_20170930_032647_062.flac,MEDIUM,25.5,8.0,0.0817
1705_20170930_031947_062.flac,MEDIUM,25.4,5.3,0.0766
1705_20170930_044547_062.flac,MEDIUM,25.3,8.5,0.0265
1705_20170930_041547_062.flac,MEDIUM,25.3,5.4,0.0698
1705_20170929_233547_062.flac,MEDIUM,25.2,8.1,0.0293
1705_20170929_233447_062.flac,MEDIUM,25.2,5.1,0.0417
1705_20170930_005147_062.flac,MEDIUM,25.1,12.0,0.0285
1705_20170930_035747_062.flac,MEDIUM,25.1,6.0,0.0939
1705_20170930_044247_062.flac,MEDIUM,25.0,7.7,0.0329
1705_20170930_031147_062.flac,MEDIUM,25.0,6.3,0.0687
1705_20170930_010847_062.flac,MEDIUM,24.8,5.9,0.0255
1705_20170930_002647_062.flac,MEDIUM,24.6,6.5,0.0567
1705_20170930_005547_062.flac,MEDIUM,24.5,7.8,0.0288
1705_20170930_035347_062.flac,MEDIUM,24.5,6.7,0.1043
1705_20170930_031847_062.flac,MEDIUM,24.5,5.8,0.0668
1705_20170930_010147_062.flac,MEDIUM,24.2,8.7,0.0357
1705_20170930_043947_062.flac,MEDIUM,24.0,7.0,0.024
1705_20170930_003447_062.flac,MEDIUM,24.0,5.7,0.0199
1705_20170930_042347_062.flac,MEDIUM,23.9,6.2,0.0842
1705_20170930_004647_062.flac,MEDIUM,23.8,5.6,0.0221
1705_20170930_043847_062.flac,MEDIUM,23.7,8.9,0.0316
1705_20170930_003347_062.flac,MEDIUM,23.7,8.1,0.0309
1705_20170929_235947_062.flac,MEDIUM,23.7,4.9,0.024
1705_20170929_235347_062.flac,MEDIUM,23.6,7.1,0.0335
1705_20170929_230147_062.flac,MEDIUM,23.5,7.7,0.0325
1705_20170930_031647_062.flac,MEDIUM,23.5,6.5,0.0758
1705_20170930_032847_062.flac,MEDIUM,23.5,5.6,0.0665
1705_20170930_001547_062.flac,MEDIUM,23.4,6.5,0.0463
1705_20170930_040447_062.flac,MEDIUM,23.3,7.1,0.0509
1705_20170930_000947_062.flac,MEDIUM,23.3,6.5,0.0377
1705_20170930_001947_062.flac,MEDIUM,23.3,5.5,0.0309
1705_20170930_003547_062.flac,MEDIUM,23.2,7.3,0.0272
1705_20170930_044947_062.flac,MEDIUM,23.2,6.6,0.0275
1705_20170930_041247_062.flac,MEDIUM,23.1,5.7,0.078
1705_20170930_040147_062.flac,MEDIUM,23.0,7.3,0.047
1705_20170930_044647_062.flac,MEDIUM,23.0,6.7,0.0249
1705_20170930_003147_062.flac,MEDIUM,23.0,6.0,0.0194
1705_20170930_042147_062.flac,MEDIUM,23.0,4.9,0.081
1705_20170929_233347_062.flac,MEDIUM,22.9,7.3,0.025
1705_20170930_045247_062.flac,MEDIUM,22.8,7.9,0.0244
1705_20170930_030647_062.flac,MEDIUM,22.8,7.0,0.0728
1705_20170929_225847_062.flac,MEDIUM,22.8,5.4,0.0295
1705_20170930_042947_062.flac,MEDIUM,22.6,12.8,0.0272
1705_20170930_043247_062.flac,MEDIUM,22.6,8.5,0.0243
1705_20170930_005347_062.flac,MEDIUM,22.6,6.2,0.0307
1705_20170930_041047_062.flac,MEDIUM,22.6,5.6,0.0744
1705_20170930_043347_062.flac,HIGH,22.5,15.7,0.0236
1705_20170930_002847_062.flac,MEDIUM,22.4,7.4,0.0388
1705_20170930_000847_062.flac,MEDIUM,22.4,6.6,0.0308
1705_20170930_002347_062.flac,MEDIUM,22.4,5.5,0.031
1705_20170930_043747_062.flac,MEDIUM,22.3,8.4,0.029
1705_20170930_003847_062.flac,MEDIUM,22.2,7.1,0.028
1705_20170930_002547_062.flac,MEDIUM,22.2,6.1,0.0187
1705_20170930_004247_062.flac,MEDIUM,22.2,5.8,0.0309
1705_20170930_002747_062.flac,MEDIUM,22.2,5.4,0.0328
1705_20170930_002147_062.flac,MEDIUM,22.1,5.9,0.0335
1705_20170930_033147_062.flac,MEDIUM,22.1,5.7,0.0725
1705_20170930_004947_062.flac,MEDIUM,22.1,5.5,0.0356
1705_20170930_004447_063.flac,MEDIUM,22.1,5.1,0.0269
1705_20170930_043647_062.flac,MEDIUM,22.0,11.3,0.0204
1705_20170930_035547_062.flac,MEDIUM,22.0,5.4,0.0749
1705_20170930_005247_062.flac,MEDIUM,21.9,9.2,0.0197
1705_20170930_004547_062.flac,LOW (Ambient),21.9,6.3,0.0338
1705_20170930_004347_062.flac,LOW (Ambient),21.9,5.9,0.0236
1705_20170930_043547_062.flac,MEDIUM,21.8,12.9,0.0246
1705_20170930_002447_062.flac,LOW (Ambient),21.5,6.9,0.0352
1705_20170930_001247_062.flac,MEDIUM,21.3,10.0,0.0648
1705_20170930_044847_062.flac,MEDIUM,21.3,9.6,0.0298
1705_20170929_225347_062.flac,LOW (Ambient),21.3,6.4,0.0433
1705_20170930_045047_062.flac,LOW (Ambient),21.2,6.3,0.0319
1705_20170930_044047_062.flac,MEDIUM,21.0,12.9,0.0238
1705_20170930_000147_062.flac,LOW (Ambient),21.0,6.3,0.0286
1705_20170930_044747_062.flac,LOW (Ambient),21.0,5.7,0.0293
1705_20170930_010247_062.flac,LOW (Ambient),20.9,6.9,0.0263
1705_20170930_005847_062.flac,LOW (Ambient),20.7,5.1,0.0351
1705_20170930_010347_062.flac,LOW (Ambient),20.6,5.9,0.0271
1705_20170930_042547_062.flac,LOW (Ambient),20.4,7.5,0.0492
1705_20170929_233947_062.flac,LOW (Ambient),20.4,6.3,0.0309
1705_20170930_002047_062.flac,LOW (Ambient),20.4,5.1,0.03
1705_20170930_000647_062.flac,LOW (Ambient),20.3,5.7,0.0383
1705_20170930_042847_062.flac,MEDIUM,20.2,8.0,0.0346
1705_20170930_001647_062.flac,LOW (Ambient),20.0,8.0,0.024
1705_20170930_000347_062.flac,LOW (Ambient),20.0,6.8,0.0448
1705_20170930_045147_062.flac,LOW (Ambient),20.0,6.2,0.0292
1705_20170930_044147_062.flac,LOW (Ambient),19.9,7.9,0.0301
1705_20170930_005947_062.flac,LOW (Ambient),19.9,6.0,0.0258
1705_20170930_001847_062.flac,LOW (Ambient),19.9,5.1,0.0281
1705_20170929_225547_062.flac,LOW (Ambient),19.8,5.7,0.0325
1705_20170930_004747_062.flac,LOW (Ambient),19.7,7.6,0.0215
1705_20170930_003647_062.flac,LOW (Ambient),19.7,6.1,0.0194
1705_20170930_004847_062.flac,LOW (Ambient),19.5,7.8,0.0239
1705_20170930_035847_062.flac,LOW (Ambient),19.4,6.5,0.0842
1705_20170930_040847_062.flac,LOW (Ambient),19.4,5.9,0.066
1705_20170930_044447_062.flac,MEDIUM,19.3,10.9,0.035
1705_20170930_031747_062.flac,LOW (Ambient),19.3,7.6,0.0709
1705_20170930_041647_062.flac,LOW (Ambient),19.1,5.1,0.0787
1705_20170930_000547_062.flac,LOW (Ambient),19.0,6.1,0.0342
1705_20170929_225447_062.flac,LOW (Ambient),18.9,7.7,0.0291
1705_20170929_235647_062.flac,LOW (Ambient),18.9,5.0,0.0403
1705_20170930_000447_062.flac,MEDIUM,18.8,10.2,0.0303
1705_20170929_225947_062.flac,LOW (Ambient),18.4,7.2,0.0382
1705_20170930_001047_062.flac,LOW (Ambient),18.3,6.4,0.021
1705_20170929_225047_062.flac,LOW (Ambient),18.0,7.5,0.0277
1705_20170929_232947_062.flac,LOW (Ambient),17.9,5.7,0.0249
1705_20170930_044347_062.flac,MEDIUM,16.7,11.5,0.0305
1705_20170929_225247_062.flac,LOW (Ambient),16.5,5.9,0.0334
1705_20170930_000747_062.flac,LOW (Ambient),16.5,5.0,0.0317
1705_20170929_225147_062.flac,LOW (Ambient),16.4,6.2,0.0234
1705_20170930_001747_062.flac,LOW (Ambient),16.2,4.8,0.0366
1705_20170930_001447_062.flac,LOW (Ambient),15.6,7.9,0.0476
1705_20170930_000247_062.flac,LOW (Ambient),15.3,5.7,0.0311
1705_20170929_235547_062.flac,LOW (Ambient),13.3,5.0,0.0223
