index,filename,absolute_source_path,sha256,file_size_bytes,sample_rate_hz,channel_count,frame_count,duration_seconds,timestamp_utc,validation_status
0,1705_20170929_225047_062.flac,d:\ALL\whistles\encounter_191_audio\1705_20170929_225047_062.flac,a1ed30c9ea71eb7b9f75c5c12ea855cac1e178aaced57f7a6b3f6deddfcdf69c,189256122,500000,6,30000000,60.0,2017-09-29T22:50:47Z,VALID
1,1705_20170929_225147_062.flac,d:\ALL\whistles\encounter_191_audio\1705_20170929_225147_062.flac,992b47e9272351deacacb8bfad5323173476f6d5113d115d0318a917f3e22602,189249565,500000,6,30000000,60.0,2017-09-29T22:51:47Z,VALID
2,1705_20170929_225247_062.flac,d:\ALL\whistles\encounter_191_audio\1705_20170929_225247_062.flac,f48b5dbdc0dae24c4ef04d622ddec093cde5b833031d1e8163cf7760adf0f883,189242762,500000,6,30000000,60.0,2017-09-29T22:52:47Z,VALID
3,1705_20170929_225347_062.flac,d:\ALL\whistles\encounter_191_audio\1705_20170929_225347_062.flac,61132881648c10a84eb5ca48ad4c22bd26d87068f44a04b64b99ee39feacf502,189233359,500000,6,30000000,60.0,2017-09-29T22:53:47Z,VALID
4,1705_20170929_225447_062.flac,d:\ALL\whistles\encounter_191_audio\1705_20170929_225447_062.flac,20cd73d4dbcde575674582a07c9bcf8d68103d623a02e5a04dccedd06ae3fc00,189257792,500000,6,30000000,60.0,2017-09-29T22:54:47Z,VALID
5,1705_20170929_225547_062.flac,d:\ALL\whistles\encounter_191_audio\1705_20170929_225547_062.flac,90562b703179bebb964d8575afd8a45216a9e342583c1f2a568cf93b2903e5c3,189256283,500000,6,30000000,60.0,2017-09-29T22:55:47Z,VALID
6,1705_20170929_225647_062.flac,d:\ALL\whistles\encounter_191_audio\1705_20170929_225647_062.flac,3e10b5dc52b79f41a0825ee669021ec846e3b62945747972f7f35e42a947e8e8,189274695,500000,6,30000000,60.0,2017-09-29T22:56:47Z,VALID
7,1705_20170929_225747_062.flac,d:\ALL\whistles\encounter_191_audio\1705_20170929_225747_062.flac,8d564f96394c6bc43e8eb112975ef424f185efceae199edcff7fc0b86b79e362,189270167,500000,6,30000000,60.0,2017-09-29T22:57:47Z,VALID
8,1705_20170929_225847_062.flac,d:\ALL\whistles\encounter_191_audio\1705_20170929_225847_062.flac,88cdd8b3c75fe01305a58ef3f9859a47444aa79161f7a5b2c777c3511ced931a,189301756,500000,6,30000000,60.0,2017-09-29T22:58:47Z,VALID
9,1705_20170929_225947_062.flac,d:\ALL\whistles\encounter_191_audio\1705_20170929_225947_062.flac,9c15b06ab2af0920c4279eb91d60098919a99d82483167ac9dacd4503c4edf18,189306098,500000,6,30000000,60.0,2017-09-29T22:59:47Z,VALID
10,1705_20170929_230047_062.flac,d:\ALL\whistles\encounter_191_audio\1705_20170929_230047_062.flac,310dea299f879629c8ee32902f4bae66c8b1dbb1282b1484d692e6b0ba051af1,189316076,500000,6,30000000,60.0,2017-09-29T23:00:47Z,VALID
11,1705_20170929_230147_062.flac,d:\ALL\whistles\encounter_191_audio\1705_20170929_230147_062.flac,7eb31972c7a39f704ae67f7cc4f9da53fb58d3eb21ebbacd711489adb5b06485,189299708,500000,6,30000000,60.0,2017-09-29T23:01:47Z,VALID
12,1705_20170929_230247_062.flac,d:\ALL\whistles\encounter_191_audio\1705_20170929_230247_062.flac,d0a7fae78886f3e0de2c408269ae2e198cd3e9a74b4bb5bff254438eb5fa02c0,189583080,500000,6,30000000,60.0,2017-09-29T23:02:47Z,VALID
13,1705_20170929_230347_062.flac,d:\ALL\whistles\encounter_191_audio\1705_20170929_230347_062.flac,63a23a452194675e49be10a901e3ddc459cb284ff4fb3f3b0ef38d6a7e228f51,189594956,500000,6,30000000,60.0,2017-09-29T23:03:47Z,VALID
14,1705_20170929_230447_062.flac,d:\ALL\whistles\encounter_191_audio\1705_20170929_230447_062.flac,09ea7da68fb3be2fdd1e82a21ec6afa813b8b85474d3154cfed3ca9485b634fc,189406393,500000,6,30000000,60.0,2017-09-29T23:04:47Z,VALID
15,1705_20170929_230547_062.flac,d:\ALL\whistles\encounter_191_audio\1705_20170929_230547_062.flac,89db0c294f6e6474cf6b8595e2a78ba99e902ac6b730c43f8db8bddb80a6976c,189543505,500000,6,30000000,60.0,2017-09-29T23:05:47Z,VALID
16,1705_20170929_230647_062.flac,d:\ALL\whistles\encounter_191_audio\1705_20170929_230647_062.flac,16474339538ac0f74a81771619718eae51234e20cc61da3e4f7266373b331bb6,189488728,500000,6,30000000,60.0,2017-09-29T23:06:47Z,VALID
17,1705_20170929_230747_062.flac,d:\ALL\whistles\encounter_191_audio\1705_20170929_230747_062.flac,0b84576083712e5a4ac55498344c6d8acfa4c034b04e70b71e8145b203cb2940,189421238,500000,6,30000000,60.0,2017-09-29T23:07:47Z,VALID
18,1705_20170929_230847_062.flac,d:\ALL\whistles\encounter_191_audio\1705_20170929_230847_062.flac,462dc50520244093e9cfc9b0c52b40948b6ddc85bc86624c8fb8b0402a7aecc5,189556074,500000,6,30000000,60.0,2017-09-29T23:08:47Z,VALID
19,1705_20170929_230947_062.flac,d:\ALL\whistles\encounter_191_audio\1705_20170929_230947_062.flac,f217610bd9d5eabb1007a03ac571c87c46b462a8b27ea9ae738b174b1c19075b,189428646,500000,6,30000000,60.0,2017-09-29T23:09:47Z,VALID
20,1705_20170929_231047_062.flac,d:\ALL\whistles\encounter_191_audio\1705_20170929_231047_062.flac,582d69874c6f1cf5506d6e1bb94e7403d27eb5eea7a6fa2ad2dedde3a24774bf,189421534,500000,6,30000000,60.0,2017-09-29T23:10:47Z,VALID
21,1705_20170929_231147_062.flac,d:\ALL\whistles\encounter_191_audio\1705_20170929_231147_062.flac,760ce7b1e73f36614fcd8956602967f8d1229baaf639dd198254f0c871760233,189608421,500000,6,30000000,60.0,2017-09-29T23:11:47Z,VALID
22,1705_20170929_231247_062.flac,d:\ALL\whistles\encounter_191_audio\1705_20170929_231247_062.flac,e9ce8b138535047da0ab3b1ec993b71044e16e92c109f556e0ef10c31d9bc6bb,189492571,500000,6,30000000,60.0,2017-09-29T23:12:47Z,VALID
23,1705_20170929_231347_062.flac,d:\ALL\whistles\encounter_191_audio\1705_20170929_231347_062.flac,f5402b48efd08660cb241dba199371c3334d38fc530d501f96e45e2d7505998c,189656041,500000,6,30000000,60.0,2017-09-29T23:13:47Z,VALID
24,1705_20170929_231447_062.flac,d:\ALL\whistles\encounter_191_audio\1705_20170929_231447_062.flac,cd49f265274b7d3badac935c04dc0418879ed6ccc84a03762d1bba0974b4fa2f,189803717,500000,6,30000000,60.0,2017-09-29T23:14:47Z,VALID
25,1705_20170929_231547_062.flac,d:\ALL\whistles\encounter_191_audio\1705_20170929_231547_062.flac,cb2dd4409de878e68f741d17a28c07dd4eecf8539d2eb2a35007d0d0a8bdfd8b,189638909,500000,6,30000000,60.0,2017-09-29T23:15:47Z,VALID
26,1705_20170929_231647_062.flac,d:\ALL\whistles\encounter_191_audio\1705_20170929_231647_062.flac,60a23647c0b37589e55313160f6b007c54a96d167479f345739adbdb7e93b94d,189621826,500000,6,30000000,60.0,2017-09-29T23:16:47Z,VALID
27,1705_20170929_231747_062.flac,d:\ALL\whistles\encounter_191_audio\1705_20170929_231747_062.flac,42e0439eff4e445d87da3ef17c4b47adceb61b67d28063c67c17a034cbb32e94,189839951,500000,6,30000000,60.0,2017-09-29T23:17:47Z,VALID
28,1705_20170929_231847_062.flac,d:\ALL\whistles\encounter_191_audio\1705_20170929_231847_062.flac,081c1a00e7e48667245ef8466d20dd4531a2f0027977260d0924089d7efb4cd7,189805542,500000,6,30000000,60.0,2017-09-29T23:18:47Z,VALID
29,1705_20170929_231947_062.flac,d:\ALL\whistles\encounter_191_audio\1705_20170929_231947_062.flac,ef1522038a601ea75346f9875fefc504a2f3f5dc4dcaa2b52060129af2377bdc,189785658,500000,6,30000000,60.0,2017-09-29T23:19:47Z,VALID
30,1705_20170929_232047_062.flac,d:\ALL\whistles\encounter_191_audio\1705_20170929_232047_062.flac,1fd93931478610026a722914532f5bd88d9208147d82ff1567afedacb7f7785c,189730512,500000,6,30000000,60.0,2017-09-29T23:20:47Z,VALID
31,1705_20170929_232147_062.flac,d:\ALL\whistles\encounter_191_audio\1705_20170929_232147_062.flac,b1eac66660711e8604034341f0569f5c85b3b6a1bf2baaf269215d9050816f89,190038646,500000,6,30000000,60.0,2017-09-29T23:21:47Z,VALID
32,1705_20170929_232247_062.flac,d:\ALL\whistles\encounter_191_audio\1705_20170929_232247_062.flac,61dcbe0ab7407d4d96a2a87aff7bcc6a533f04cab78046f9249c179407bdb1a5,190331539,500000,6,30000000,60.0,2017-09-29T23:22:47Z,VALID
33,1705_20170929_232347_062.flac,d:\ALL\whistles\encounter_191_audio\1705_20170929_232347_062.flac,56cf206c1fe95a79e9bc59c3f9724ade31b3b8396022f086b4a45a4bec34955c,189537118,500000,6,30000000,60.0,2017-09-29T23:23:47Z,VALID
34,1705_20170929_232447_062.flac,d:\ALL\whistles\encounter_191_audio\1705_20170929_232447_062.flac,f6bdb6b8c41bf469afe014ef69647ea6c448ee724b9ed8c5452649a58f5957ff,190055224,500000,6,30000000,60.0,2017-09-29T23:24:47Z,VALID
35,1705_20170929_232547_062.flac,d:\ALL\whistles\encounter_191_audio\1705_20170929_232547_062.flac,b6035d3f65b35e41da18352ad0a73b07d9fdb8ec723acb84b26ed25a8425937f,189984435,500000,6,30000000,60.0,2017-09-29T23:25:47Z,VALID
36,1705_20170929_232647_062.flac,d:\ALL\whistles\encounter_191_audio\1705_20170929_232647_062.flac,5eec2065211691be136570e6bfa234d154dff3483e97f986931290a81303ac11,189922697,500000,6,30000000,60.0,2017-09-29T23:26:47Z,VALID
37,1705_20170929_232747_062.flac,d:\ALL\whistles\encounter_191_audio\1705_20170929_232747_062.flac,8775eb91baf8d5faea442f4d8f15012e71c5a41cf29613286d25f9ff6ed9321d,189424008,500000,6,30000000,60.0,2017-09-29T23:27:47Z,VALID
38,1705_20170929_232847_062.flac,d:\ALL\whistles\encounter_191_audio\1705_20170929_232847_062.flac,1bc69daac05cecea45e7b3ee3e7f33741d5c7a54c369c678a64c9d8b26eff1ee,189309290,500000,6,30000000,60.0,2017-09-29T23:28:47Z,VALID
39,1705_20170929_232947_062.flac,d:\ALL\whistles\encounter_191_audio\1705_20170929_232947_062.flac,c0ef9db5bac8c4c49174c666b1f042265f8b79f32c7a5ed18505fc45d5acab6b,189322601,500000,6,30000000,60.0,2017-09-29T23:29:47Z,VALID
40,1705_20170929_233047_062.flac,d:\ALL\whistles\encounter_191_audio\1705_20170929_233047_062.flac,a74f5e315f94a2811ab0572e6024bfa48109cbb1a7f8f4c74f5971f7ea0c180c,189323630,500000,6,30000000,60.0,2017-09-29T23:30:47Z,VALID
41,1705_20170929_233147_062.flac,d:\ALL\whistles\encounter_191_audio\1705_20170929_233147_062.flac,a44045aa12b4d1ffee0f2312827279bbcc9f6c4ebbc9a98d32cc561fa6960434,189336070,500000,6,30000000,60.0,2017-09-29T23:31:47Z,VALID
42,1705_20170929_233247_062.flac,d:\ALL\whistles\encounter_191_audio\1705_20170929_233247_062.flac,5a6201ef8c3b24a0679bd64f218fdc1bad1ffad1be154fcf2318306449fd203d,189326052,500000,6,30000000,60.0,2017-09-29T23:32:47Z,VALID
43,1705_20170929_233347_062.flac,d:\ALL\whistles\encounter_191_audio\1705_20170929_233347_062.flac,e0514b1af854899a2eb5981565a57361452a5aa272f4fb415666aa8b845e8637,189263050,500000,6,30000000,60.0,2017-09-29T23:33:47Z,VALID
44,1705_20170929_233447_062.flac,d:\ALL\whistles\encounter_191_audio\1705_20170929_233447_062.flac,46d3ad9f150761b49684bd3f22dd006715412999094f7cb22c0719295d468509,189310135,500000,6,30000000,60.0,2017-09-29T23:34:47Z,VALID
45,1705_20170929_233547_062.flac,d:\ALL\whistles\encounter_191_audio\1705_20170929_233547_062.flac,25dce57e08c442f9c0d9c808fdc9f3b773cd4a5591392ce36e0f21be10bcb5e5,189288650,500000,6,30000000,60.0,2017-09-29T23:35:47Z,VALID
46,1705_20170929_233647_062.flac,d:\ALL\whistles\encounter_191_audio\1705_20170929_233647_062.flac,4bf6b86f58ef0fce41cb25694d196b5ce25e3a7af2517bb75c181cfbcb67be49,189337243,500000,6,30000000,60.0,2017-09-29T23:36:47Z,VALID
47,1705_20170929_233747_062.flac,d:\ALL\whistles\encounter_191_audio\1705_20170929_233747_062.flac,89993fb4ebe4b0dbf75e08bab0af7eaf152858545c61e97434db8eceb141f442,189322909,500000,6,30000000,60.0,2017-09-29T23:37:47Z,VALID
48,1705_20170929_233847_062.flac,d:\ALL\whistles\encounter_191_audio\1705_20170929_233847_062.flac,726f190266c818fe0a13d9d890d38f1df7742233142dacc41e05f01d193cc163,189291453,500000,6,30000000,60.0,2017-09-29T23:38:47Z,VALID
49,1705_20170929_233947_062.flac,d:\ALL\whistles\encounter_191_audio\1705_20170929_233947_062.flac,ad0b2f86a6f535667328f627ffe4a7b8c85cd54b4530b9308cfe30fc577c4ad3,189313070,500000,6,30000000,60.0,2017-09-29T23:39:47Z,VALID
50,1705_20170929_234047_062.flac,d:\ALL\whistles\encounter_191_audio\1705_20170929_234047_062.flac,f8841a0febfdf6fcb4ddb66ad9978b7ddf09ce2cdb81a161bc01decd01d7c6bc,189331633,500000,6,30000000,60.0,2017-09-29T23:40:47Z,VALID
51,1705_20170929_234147_062.flac,d:\ALL\whistles\encounter_191_audio\1705_20170929_234147_062.flac,2909cf59e6a872837242fdbdfdfb10cd8ac7fd0904a28047634fcc7e9ba3413d,189286363,500000,6,30000000,60.0,2017-09-29T23:41:47Z,VALID
52,1705_20170929_234247_062.flac,d:\ALL\whistles\encounter_191_audio\1705_20170929_234247_062.flac,6a0ff67c865a2f8be15abce2b669db985ad39e9f10a0dae73e392d43a3b00924,189379473,500000,6,30000000,60.0,2017-09-29T23:42:47Z,VALID
53,1705_20170929_234347_062.flac,d:\ALL\whistles\encounter_191_audio\1705_20170929_234347_062.flac,1845117bdc92c71baedc6bc74cb149deec05b5604ef162de5216bafaaf65352b,189328153,500000,6,30000000,60.0,2017-09-29T23:43:47Z,VALID
54,1705_20170929_234447_062.flac,d:\ALL\whistles\encounter_191_audio\1705_20170929_234447_062.flac,20839a37a3ec1a7a23b703e1cd2a15e70cd7117afcb39323adc68fe68d10358e,189323898,500000,6,30000000,60.0,2017-09-29T23:44:47Z,VALID
55,1705_20170929_234547_062.flac,d:\ALL\whistles\encounter_191_audio\1705_20170929_234547_062.flac,d2df063a652cede1f0737b564c199ada24c15b9d863bebb995a1afd9aa29a425,189357538,500000,6,30000000,60.0,2017-09-29T23:45:47Z,VALID
56,1705_20170929_234647_062.flac,d:\ALL\whistles\encounter_191_audio\1705_20170929_234647_062.flac,f886e696496a7130673fc4ecd22571ecca82c584f225cedacfd54b788968ac78,189325322,500000,6,30000000,60.0,2017-09-29T23:46:47Z,VALID
57,1705_20170929_234747_062.flac,d:\ALL\whistles\encounter_191_audio\1705_20170929_234747_062.flac,8e69a322baa3dbbb33a9dd591689042879649e92aa46f9f84de5eaac98b68256,189343257,500000,6,30000000,60.0,2017-09-29T23:47:47Z,VALID
58,1705_20170929_234847_062.flac,d:\ALL\whistles\encounter_191_audio\1705_20170929_234847_062.flac,bafee5a0b4068e633d2e32a1e0285c5ced7b4f61a47a25b080aa175a1c8a5e94,189312315,500000,6,30000000,60.0,2017-09-29T23:48:47Z,VALID
59,1705_20170929_234947_062.flac,d:\ALL\whistles\encounter_191_audio\1705_20170929_234947_062.flac,40cc068ee5671543c8ccc9473ffa41069e1b8e664ae2a1368342b2511008904c,189363319,500000,6,30000000,60.0,2017-09-29T23:49:47Z,VALID
60,1705_20170929_235047_062.flac,d:\ALL\whistles\encounter_191_audio\1705_20170929_235047_062.flac,833f4949e73652a236e84e14fecfbb0f42df641e81ff1821535f2e4f3f6a302a,189404135,500000,6,30000000,60.0,2017-09-29T23:50:47Z,VALID
61,1705_20170929_235147_062.flac,d:\ALL\whistles\encounter_191_audio\1705_20170929_235147_062.flac,1a24c19ed99c7fb900c83e57d3a81166aa9765ff0b3a55d665ddcf6e52053a87,189357111,500000,6,30000000,60.0,2017-09-29T23:51:47Z,VALID
62,1705_20170929_235247_062.flac,d:\ALL\whistles\encounter_191_audio\1705_20170929_235247_062.flac,f8b64db25cf225a742f4b4a3065add91a8e1e8842d0b8e33ec49c19626f83abe,189380100,500000,6,30000000,60.0,2017-09-29T23:52:47Z,VALID
63,1705_20170929_235347_062.flac,d:\ALL\whistles\encounter_191_audio\1705_20170929_235347_062.flac,9127d44821507359f154264ad03d3974cc610c056a9ba6c54e5419f869208203,189333485,500000,6,30000000,60.0,2017-09-29T23:53:47Z,VALID
64,1705_20170929_235447_062.flac,d:\ALL\whistles\encounter_191_audio\1705_20170929_235447_062.flac,4091a98af6a195cfb7589bced563c2af499a38468db35bae2763be09c6002534,189350276,500000,6,30000000,60.0,2017-09-29T23:54:47Z,VALID
65,1705_20170929_235547_062.flac,d:\ALL\whistles\encounter_191_audio\1705_20170929_235547_062.flac,9f78f55fe74943f33a302955ef982fc4e737ef97038c07f91be432b9cc1a5b0d,189327062,500000,6,30000000,60.0,2017-09-29T23:55:47Z,VALID
66,1705_20170929_235647_062.flac,d:\ALL\whistles\encounter_191_audio\1705_20170929_235647_062.flac,6251955920f1e69c325e1297e070b1798f83b6243abda8bf11cfb184c6f3a9fb,189317434,500000,6,30000000,60.0,2017-09-29T23:56:47Z,VALID
67,1705_20170929_235747_062.flac,d:\ALL\whistles\encounter_191_audio\1705_20170929_235747_062.flac,065a0f0874d374bb6d3ab3969d31ee6bbc5d70ab38649ec514f79ba708756ea2,189317609,500000,6,30000000,60.0,2017-09-29T23:57:47Z,VALID
68,1705_20170929_235847_062.flac,d:\ALL\whistles\encounter_191_audio\1705_20170929_235847_062.flac,861d259aef9a950410ecc48e609371be63d5e9d584fd951f21a588ac90d2902a,189327561,500000,6,30000000,60.0,2017-09-29T23:58:47Z,VALID
69,1705_20170929_235947_062.flac,d:\ALL\whistles\encounter_191_audio\1705_20170929_235947_062.flac,ab4166602491d3431de8e2dab31357e7fa0e69abbffc734e30845234b35aefc7,189311988,500000,6,30000000,60.0,2017-09-29T23:59:47Z,VALID
70,1705_20170930_000047_062.flac,d:\ALL\whistles\encounter_191_audio\1705_20170930_000047_062.flac,e5c8aae7cd2e5c0bd399a1905abb2ed001b5e703441216c59ffd2636956ae8e5,189265439,500000,6,30000000,60.0,2017-09-30T00:00:47Z,VALID
71,1705_20170930_000147_062.flac,d:\ALL\whistles\encounter_191_audio\1705_20170930_000147_062.flac,6ccfe891afb9db38518a6f3a29ef882558cc1fd62b66b8db2df985e7e68e06a3,189286841,500000,6,30000000,60.0,2017-09-30T00:01:47Z,VALID
72,1705_20170930_000247_062.flac,d:\ALL\whistles\encounter_191_audio\1705_20170930_000247_062.flac,48b64d871ebff1d751670c58f8253c55b056437b72f36a071ef9875595fb1c09,189287586,500000,6,30000000,60.0,2017-09-30T00:02:47Z,VALID
73,1705_20170930_000347_062.flac,d:\ALL\whistles\encounter_191_audio\1705_20170930_000347_062.flac,141ccdeb70fb43b0f03a44cec67f760567390d22e990aad88c932b65fbd1e9eb,189309038,500000,6,30000000,60.0,2017-09-30T00:03:47Z,VALID
74,1705_20170930_000447_062.flac,d:\ALL\whistles\encounter_191_audio\1705_20170930_000447_062.flac,1a0aceb5d10de74570e557fa50201520ab8de91ad48ed0dec9bf8fc4c6d8c585,189303584,500000,6,30000000,60.0,2017-09-30T00:04:47Z,VALID
75,1705_20170930_000547_062.flac,d:\ALL\whistles\encounter_191_audio\1705_20170930_000547_062.flac,8b7b7337cee8d06a745e5837c583d9fe8087ca35696bc7bb8b91ab12508a8264,189298195,500000,6,30000000,60.0,2017-09-30T00:05:47Z,VALID
76,1705_20170930_000647_062.flac,d:\ALL\whistles\encounter_191_audio\1705_20170930_000647_062.flac,6727592fa2857d93e68af285540640f51d76966359299578afd033c9c22097a1,189292594,500000,6,30000000,60.0,2017-09-30T00:06:47Z,VALID
77,1705_20170930_000747_062.flac,d:\ALL\whistles\encounter_191_audio\1705_20170930_000747_062.flac,2cff427c94270870f86049cdfa78c45bf1e7ceed7cc91923c531769086ce4cfa,189288045,500000,6,30000000,60.0,2017-09-30T00:07:47Z,VALID
78,1705_20170930_000847_062.flac,d:\ALL\whistles\encounter_191_audio\1705_20170930_000847_062.flac,70203ce1f4895e42597c893b380612790746fa0191ff437da377b4fe2e4010b1,189304072,500000,6,30000000,60.0,2017-09-30T00:08:47Z,VALID
79,1705_20170930_000947_062.flac,d:\ALL\whistles\encounter_191_audio\1705_20170930_000947_062.flac,d5f934c716fa47c021da0ef62e2101ba6f877aa496c372f4bdc2f428e6e909d0,189307828,500000,6,30000000,60.0,2017-09-30T00:09:47Z,VALID
80,1705_20170930_001047_062.flac,d:\ALL\whistles\encounter_191_audio\1705_20170930_001047_062.flac,bb85f23cafb639c122390f4fca1cbe2a324be245f651387afa0d5963ac623891,189301980,500000,6,30000000,60.0,2017-09-30T00:10:47Z,VALID
81,1705_20170930_001147_062.flac,d:\ALL\whistles\encounter_191_audio\1705_20170930_001147_062.flac,9b39b83c043c095b7d2a638825b72af295970c7ea5998b0a6f57d66d23dae46c,189708755,500000,6,30000000,60.0,2017-09-30T00:11:47Z,VALID
82,1705_20170930_001247_062.flac,d:\ALL\whistles\encounter_191_audio\1705_20170930_001247_062.flac,40a1eabe94b81e04e70d0511a16ab2394dfa863782b3568dfad9f4472e490acf,189491556,500000,6,30000000,60.0,2017-09-30T00:12:47Z,VALID
83,1705_20170930_001347_062.flac,d:\ALL\whistles\encounter_191_audio\1705_20170930_001347_062.flac,5da9ad46a3c8536d1f146361bdc2236eeba5b01cd717505ad37c1e011a6efee5,189456847,500000,6,30000000,60.0,2017-09-30T00:13:47Z,VALID
84,1705_20170930_001447_062.flac,d:\ALL\whistles\encounter_191_audio\1705_20170930_001447_062.flac,9dc8bff451c2f0a589c8737e2c63791f7d020e676d57eda56323b44cb85221e4,189415880,500000,6,30000000,60.0,2017-09-30T00:14:47Z,VALID
85,1705_20170930_001547_062.flac,d:\ALL\whistles\encounter_191_audio\1705_20170930_001547_062.flac,15352694ae1f37085675813753d00a1eee53c3c7a8023022bcd841b93b0e22ac,189318290,500000,6,30000000,60.0,2017-09-30T00:15:47Z,VALID
86,1705_20170930_001647_062.flac,d:\ALL\whistles\encounter_191_audio\1705_20170930_001647_062.flac,5a3412efbdd0cb0396c185a13449435b00eae50e88820720bdc22f66691fe285,189235952,500000,6,30000000,60.0,2017-09-30T00:16:47Z,VALID
87,1705_20170930_001747_062.flac,d:\ALL\whistles\encounter_191_audio\1705_20170930_001747_062.flac,9a3fb50fe6cd497413d2a4c9e90c375feb9de49358e955b22bd45530b9f5f453,189281419,500000,6,30000000,60.0,2017-09-30T00:17:47Z,VALID
88,1705_20170930_001847_062.flac,d:\ALL\whistles\encounter_191_audio\1705_20170930_001847_062.flac,5e0d63fb59aa23dd695effd62f09cb0ee007c2f038ea4e422abcc15d83fd767f,189266067,500000,6,30000000,60.0,2017-09-30T00:18:47Z,VALID
89,1705_20170930_001947_062.flac,d:\ALL\whistles\encounter_191_audio\1705_20170930_001947_062.flac,9d24c92c6fcb8922291255f5fe2237325500b4cd4c64385e9340b2fd071fd9b1,189271896,500000,6,30000000,60.0,2017-09-30T00:19:47Z,VALID
90,1705_20170930_002047_062.flac,d:\ALL\whistles\encounter_191_audio\1705_20170930_002047_062.flac,956b29a1eab90f35024f3b01fc4f971aa27ac05f6632423b535cbf7c68e2bc68,189273226,500000,6,30000000,60.0,2017-09-30T00:20:47Z,VALID
91,1705_20170930_002147_062.flac,d:\ALL\whistles\encounter_191_audio\1705_20170930_002147_062.flac,7ea40f5def0a1ebf23100d592ff5674c4b95108b4d45449769096ea8dd847155,189273026,500000,6,30000000,60.0,2017-09-30T00:21:47Z,VALID
92,1705_20170930_002247_062.flac,d:\ALL\whistles\encounter_191_audio\1705_20170930_002247_062.flac,12fea941d8e93637b84ec4b55975620d2541a445ae2f2065a59929a0ac6490a1,189250014,500000,6,30000000,60.0,2017-09-30T00:22:47Z,VALID
93,1705_20170930_002347_062.flac,d:\ALL\whistles\encounter_191_audio\1705_20170930_002347_062.flac,3a153ac6b57963d526c5432d7f563275ce0b187396b92b128f1efdab8a0434fb,189248605,500000,6,30000000,60.0,2017-09-30T00:23:47Z,VALID
94,1705_20170930_002447_062.flac,d:\ALL\whistles\encounter_191_audio\1705_20170930_002447_062.flac,e8d618401a85f6fe98868edcf8459a19093a98601e26beffbfdb613ff96e2ea1,189258668,500000,6,30000000,60.0,2017-09-30T00:24:47Z,VALID
95,1705_20170930_002547_062.flac,d:\ALL\whistles\encounter_191_audio\1705_20170930_002547_062.flac,6ca7c9ceadc0418ae78ac8a70aabd0c445ea2b20a9d363cfd3c803ed55954428,189191308,500000,6,30000000,60.0,2017-09-30T00:25:47Z,VALID
96,1705_20170930_002647_062.flac,d:\ALL\whistles\encounter_191_audio\1705_20170930_002647_062.flac,9bab5202f26536701787e10acd60a10857c6dd3c5aad853f4714727faf23f2fe,189201160,500000,6,30000000,60.0,2017-09-30T00:26:47Z,VALID
97,1705_20170930_002747_062.flac,d:\ALL\whistles\encounter_191_audio\1705_20170930_002747_062.flac,b8379334aa577b49b4baaf3ff18a8a6ab9ffd8a3c047fde3540c540c2928b634,189222227,500000,6,30000000,60.0,2017-09-30T00:27:47Z,VALID
98,1705_20170930_002847_062.flac,d:\ALL\whistles\encounter_191_audio\1705_20170930_002847_062.flac,6ddfc2048d7ef23d1e0b6953c708ac70ccc06aaef7ce5d148c31a1d6965bbdf4,189224542,500000,6,30000000,60.0,2017-09-30T00:28:47Z,VALID
99,1705_20170930_002947_062.flac,d:\ALL\whistles\encounter_191_audio\1705_20170930_002947_062.flac,dcf8ca197c67bbe4b6685a3dbc6104159457ba594e219f6d35ad1d09d2771e0c,189247266,500000,6,30000000,60.0,2017-09-30T00:29:47Z,VALID
100,1705_20170930_003047_062.flac,d:\ALL\whistles\encounter_191_audio\1705_20170930_003047_062.flac,0406fd6625e23c3652e436290bbd0ce322b55bc240bacb87b8ca0fc882d63311,189292303,500000,6,30000000,60.0,2017-09-30T00:30:47Z,VALID
101,1705_20170930_003147_062.flac,d:\ALL\whistles\encounter_191_audio\1705_20170930_003147_062.flac,deb9eb1c390d0b4131d303b78aaee6f580d288b9d57fdba4bed54fd05c70bbcd,189224617,500000,6,30000000,60.0,2017-09-30T00:31:47Z,VALID
102,1705_20170930_003247_062.flac,d:\ALL\whistles\encounter_191_audio\1705_20170930_003247_062.flac,3bd78d2b72acee70661b8b0deceb938f9879b11ba1e986b01aa650cb85168b59,189276016,500000,6,30000000,60.0,2017-09-30T00:32:47Z,VALID
103,1705_20170930_003347_062.flac,d:\ALL\whistles\encounter_191_audio\1705_20170930_003347_062.flac,8b3e43b86f11f3fb2bbed8b2e133b1a69787baa5807a367ee5a0ccc78b668906,189279771,500000,6,30000000,60.0,2017-09-30T00:33:47Z,VALID
104,1705_20170930_003447_062.flac,d:\ALL\whistles\encounter_191_audio\1705_20170930_003447_062.flac,6d8420738feeba549d64b176b81d96de41748227507acf357293ed3b1b266a79,189259457,500000,6,30000000,60.0,2017-09-30T00:34:47Z,VALID
105,1705_20170930_003547_062.flac,d:\ALL\whistles\encounter_191_audio\1705_20170930_003547_062.flac,dadbb602a2bb5f36b2a2a38f5f4e7551b0b7e709a12673f4d7a6b78358b75293,189331481,500000,6,30000000,60.0,2017-09-30T00:35:47Z,VALID
106,1705_20170930_003647_062.flac,d:\ALL\whistles\encounter_191_audio\1705_20170930_003647_062.flac,ebed57496fbdcd01c2afcd7c5f82be7c42475bdd9ba1c188ca23324965908ea8,189288437,500000,6,30000000,60.0,2017-09-30T00:36:47Z,VALID
107,1705_20170930_003747_062.flac,d:\ALL\whistles\encounter_191_audio\1705_20170930_003747_062.flac,ca20ea02261e59c0965011e4677e42786f057373a4dafeb00d61e52d0accae93,189248608,500000,6,30000000,60.0,2017-09-30T00:37:47Z,VALID
108,1705_20170930_003847_062.flac,d:\ALL\whistles\encounter_191_audio\1705_20170930_003847_062.flac,e6444de95054b9ab4ef446081779cd191f83da8f08e9e4a3e2c6985ab0a37bc8,189266636,500000,6,30000000,60.0,2017-09-30T00:38:47Z,VALID
109,1705_20170930_003947_062.flac,d:\ALL\whistles\encounter_191_audio\1705_20170930_003947_062.flac,4f002cbfd76122f587771807e2c49b3dfeef0808174ea5f59e07e43734760335,189293397,500000,6,30000000,60.0,2017-09-30T00:39:47Z,VALID
110,1705_20170930_004047_062.flac,d:\ALL\whistles\encounter_191_audio\1705_20170930_004047_062.flac,85093c24a0885297496555e0e73cf42cba5917b1332e1ee25ee81c66f9d67cae,189296763,500000,6,30000000,60.0,2017-09-30T00:40:47Z,VALID
111,1705_20170930_004147_062.flac,d:\ALL\whistles\encounter_191_audio\1705_20170930_004147_062.flac,6bf0a80a423cfe387e1d1f70f07250208834a60688cc31f9c6bb4a4dd9497abe,189263778,500000,6,30000000,60.0,2017-09-30T00:41:47Z,VALID
112,1705_20170930_004247_062.flac,d:\ALL\whistles\encounter_191_audio\1705_20170930_004247_062.flac,f2bbc43d0ea318c4bcd3e4a6714501f32a945e8e1d1f7feae251c06745eb2049,189250959,500000,6,30000000,60.0,2017-09-30T00:42:47Z,VALID
113,1705_20170930_004347_062.flac,d:\ALL\whistles\encounter_191_audio\1705_20170930_004347_062.flac,9fa327a35b7fa374cb109fc4cc44f2821087992e102810e0397ce4a4d8ebf468,189262689,500000,6,30000000,60.0,2017-09-30T00:43:47Z,VALID
114,1705_20170930_004447_063.flac,d:\ALL\whistles\encounter_191_audio\1705_20170930_004447_063.flac,ec5eec4947209abbdb3bd2bce98a2c813ebbe04c8a2d19380fb7a27b082aca1e,189267111,500000,6,30000000,60.0,2017-09-30T00:44:47Z,VALID
115,1705_20170930_004547_062.flac,d:\ALL\whistles\encounter_191_audio\1705_20170930_004547_062.flac,7f49f3eb8481ef299f7d35ee25e75650cde039026da08f212250060367c4fb94,189267628,500000,6,30000000,60.0,2017-09-30T00:45:47Z,VALID
116,1705_20170930_004647_062.flac,d:\ALL\whistles\encounter_191_audio\1705_20170930_004647_062.flac,a607fd5d6163ae281d40aca39d6991d4fe24101dba73a31351a58ea6d49ebe4b,189253683,500000,6,30000000,60.0,2017-09-30T00:46:47Z,VALID
117,1705_20170930_004747_062.flac,d:\ALL\whistles\encounter_191_audio\1705_20170930_004747_062.flac,373c5142bbdff0de6cb6a55b551f915cc466f98340afc081be97f1b1db6870a6,189322187,500000,6,30000000,60.0,2017-09-30T00:47:47Z,VALID
118,1705_20170930_004847_062.flac,d:\ALL\whistles\encounter_191_audio\1705_20170930_004847_062.flac,aed733ca765189df96dd1ffa86ea618955cef79bde964c03552e6d8c0ee0b5ef,189263528,500000,6,30000000,60.0,2017-09-30T00:48:47Z,VALID
119,1705_20170930_004947_062.flac,d:\ALL\whistles\encounter_191_audio\1705_20170930_004947_062.flac,02a3f2fbb086c18331c1cdadd3cfdaabd52d08c25bbd22c865da585bd9db7ef9,189268002,500000,6,30000000,60.0,2017-09-30T00:49:47Z,VALID
120,1705_20170930_005047_062.flac,d:\ALL\whistles\encounter_191_audio\1705_20170930_005047_062.flac,0a2dac41ce49aeffa3438c57910bdb5620f80493fdf9fc5d47a6c279f5db06c1,189304055,500000,6,30000000,60.0,2017-09-30T00:50:47Z,VALID
121,1705_20170930_005147_062.flac,d:\ALL\whistles\encounter_191_audio\1705_20170930_005147_062.flac,e5ded42ba4c0de5b3fc90ef773259d5d2b3e083482dd219caada129d9642f92d,189304102,500000,6,30000000,60.0,2017-09-30T00:51:47Z,VALID
122,1705_20170930_005247_062.flac,d:\ALL\whistles\encounter_191_audio\1705_20170930_005247_062.flac,1261b2d0bb5ca6cb0c73ec95141e4dd23e001d4caa8827bb1f1cf769ba13ab5e,189255951,500000,6,30000000,60.0,2017-09-30T00:52:47Z,VALID
123,1705_20170930_005347_062.flac,d:\ALL\whistles\encounter_191_audio\1705_20170930_005347_062.flac,1076fd7871697f28d517bf7ec3e29c21ea5ada3823699af139bd3a33bfc3091c,189330820,500000,6,30000000,60.0,2017-09-30T00:53:47Z,VALID
124,1705_20170930_005447_062.flac,d:\ALL\whistles\encounter_191_audio\1705_20170930_005447_062.flac,3cd7a5efbf17e66d6871f961f653eda9e20f60a32cb1ad88eec5994f3c357842,189397344,500000,6,30000000,60.0,2017-09-30T00:54:47Z,VALID
125,1705_20170930_005547_062.flac,d:\ALL\whistles\encounter_191_audio\1705_20170930_005547_062.flac,e0b8422de4838032d8ee2b8ce990846db080e9e20e628e9e93b1a9b47a437074,189271695,500000,6,30000000,60.0,2017-09-30T00:55:47Z,VALID
126,1705_20170930_005647_062.flac,d:\ALL\whistles\encounter_191_audio\1705_20170930_005647_062.flac,c250b50083f144a20164ad2dce77bcd1a1af3b23220013447ec1f7dee33d3d04,189354662,500000,6,30000000,60.0,2017-09-30T00:56:47Z,VALID
127,1705_20170930_005747_062.flac,d:\ALL\whistles\encounter_191_audio\1705_20170930_005747_062.flac,3163c93e3f100fe4f934881892adba3612a36aa3e641a0eb9da2289dff16766f,189306760,500000,6,30000000,60.0,2017-09-30T00:57:47Z,VALID
128,1705_20170930_005847_062.flac,d:\ALL\whistles\encounter_191_audio\1705_20170930_005847_062.flac,13641052cab2954c09828a1bb4bbc8c51906b9e736a1fc8c6f477a2caeaa38dc,189264249,500000,6,30000000,60.0,2017-09-30T00:58:47Z,VALID
129,1705_20170930_005947_062.flac,d:\ALL\whistles\encounter_191_audio\1705_20170930_005947_062.flac,4750b5ff34cc98eaa2f0e708ee6f10291e8b794a75e778456c573f0ac0497e25,189291255,500000,6,30000000,60.0,2017-09-30T00:59:47Z,VALID
130,1705_20170930_010047_062.flac,d:\ALL\whistles\encounter_191_audio\1705_20170930_010047_062.flac,6b04ed5c50a5077dfc57cbc3ba172b8e817f0f3399bc5364b59a1303153b36a3,189298014,500000,6,30000000,60.0,2017-09-30T01:00:47Z,VALID
131,1705_20170930_010147_062.flac,d:\ALL\whistles\encounter_191_audio\1705_20170930_010147_062.flac,24e746d2fec0734ca96564ea57211bd6bf5e32dccd3480a4d26d750d7a7ddac0,189280362,500000,6,30000000,60.0,2017-09-30T01:01:47Z,VALID
132,1705_20170930_010247_062.flac,d:\ALL\whistles\encounter_191_audio\1705_20170930_010247_062.flac,b6c4b1ce9c2524055d492c41ae53daa45ec441b906ac0015a33d462a1bca2b11,189292120,500000,6,30000000,60.0,2017-09-30T01:02:47Z,VALID
133,1705_20170930_010347_062.flac,d:\ALL\whistles\encounter_191_audio\1705_20170930_010347_062.flac,ec3065da50a1daf7186254fa1063c7758b4debd343b8fc1ead05802db770c5da,189267812,500000,6,30000000,60.0,2017-09-30T01:03:47Z,VALID
134,1705_20170930_010447_062.flac,d:\ALL\whistles\encounter_191_audio\1705_20170930_010447_062.flac,f6a022a0a8b3bf52a1ff3e8c372cc2232782b23c6b11533fe259c86fb911e41a,189409762,500000,6,30000000,60.0,2017-09-30T01:04:47Z,VALID
135,1705_20170930_010547_062.flac,d:\ALL\whistles\encounter_191_audio\1705_20170930_010547_062.flac,80ed19f6986f414a105aba6bd252389f28aec410f1abee39746b75ab1464f69d,189486934,500000,6,30000000,60.0,2017-09-30T01:05:47Z,VALID
136,1705_20170930_010647_062.flac,d:\ALL\whistles\encounter_191_audio\1705_20170930_010647_062.flac,07af756a8863cf3aaeae15902221fef92fdeebb535b9fd7c62a9c8215af262b8,189328167,500000,6,30000000,60.0,2017-09-30T01:06:47Z,VALID
137,1705_20170930_010747_062.flac,d:\ALL\whistles\encounter_191_audio\1705_20170930_010747_062.flac,bfa115ec184cbf76350323eeb4f272fa135e499a00c3225128bb9025aa4b193e,189280628,500000,6,30000000,60.0,2017-09-30T01:07:47Z,VALID
138,1705_20170930_010847_062.flac,d:\ALL\whistles\encounter_191_audio\1705_20170930_010847_062.flac,0426033ea1a96e3b47ded809e5e8187b41cb8a0e0e485cfd8ef5a4f42cb8c45c,189281123,500000,6,30000000,60.0,2017-09-30T01:08:47Z,VALID
139,1705_20170930_010947_062.flac,d:\ALL\whistles\encounter_191_audio\1705_20170930_010947_062.flac,816dca157f75e89a9f8e4e32f175ab3875540745884de7929777275c999aebf4,189312164,500000,6,30000000,60.0,2017-09-30T01:09:47Z,VALID
140,1705_20170930_011047_062.flac,d:\ALL\whistles\encounter_191_audio\1705_20170930_011047_062.flac,6ec771678d08011bcb64fc907ea8978167467f8b6a155ce09eeae127440b6d6c,189281471,500000,6,30000000,60.0,2017-09-30T01:10:47Z,VALID
141,1705_20170930_011147_062.flac,d:\ALL\whistles\encounter_191_audio\1705_20170930_011147_062.flac,639acb71988b2f1eb2ba623f35d76df28bf6e8684b684cdc5348f2961695e159,189336310,500000,6,30000000,60.0,2017-09-30T01:11:47Z,VALID
142,1705_20170930_011247_062.flac,d:\ALL\whistles\encounter_191_audio\1705_20170930_011247_062.flac,bfdcac32b6872967a108199122ff006e91a0f9744fe06925046914b163b64227,189347979,500000,6,30000000,60.0,2017-09-30T01:12:47Z,VALID
143,1705_20170930_011347_062.flac,d:\ALL\whistles\encounter_191_audio\1705_20170930_011347_062.flac,d56dbaa6bb2f9bc1790ebbc5c718440b13cb57b21dc35e700b7634eb02d35789,189364582,500000,6,30000000,60.0,2017-09-30T01:13:47Z,VALID
144,1705_20170930_011447_062.flac,d:\ALL\whistles\encounter_191_audio\1705_20170930_011447_062.flac,334b8009aa2fd1249672973311da485e1fba26564768f08642437db746d450ff,190004075,500000,6,30000000,60.0,2017-09-30T01:14:47Z,VALID
145,1705_20170930_011547_062.flac,d:\ALL\whistles\encounter_191_audio\1705_20170930_011547_062.flac,2b2292e5cd9c5114e68efed3145a82d4a8f6e3571dfbadd49198ac034bc6127e,190015218,500000,6,30000000,60.0,2017-09-30T01:15:47Z,VALID
146,1705_20170930_011647_062.flac,d:\ALL\whistles\encounter_191_audio\1705_20170930_011647_062.flac,681012843a777682b4f95954e7868fae9d87eaac8d4e6e9cca800515e865374c,189648506,500000,6,30000000,60.0,2017-09-30T01:16:47Z,VALID
147,1705_20170930_011747_062.flac,d:\ALL\whistles\encounter_191_audio\1705_20170930_011747_062.flac,93c35dd79a6a5da734212f3c727b872167e0b8224a9e20e56db754777dd915cd,190035081,500000,6,30000000,60.0,2017-09-30T01:17:47Z,VALID
148,1705_20170930_011847_062.flac,d:\ALL\whistles\encounter_191_audio\1705_20170930_011847_062.flac,fabf484ecf25dd22d9f54204b72c76a61a367d68c7c78bab6c54eb15e1d32ae0,190092473,500000,6,30000000,60.0,2017-09-30T01:18:47Z,VALID
149,1705_20170930_011947_062.flac,d:\ALL\whistles\encounter_191_audio\1705_20170930_011947_062.flac,903ba2fc64728f69b3ab6fb8543bcf5077e8037555f599e138c46493b6159e88,191364926,500000,6,30000000,60.0,2017-09-30T01:19:47Z,VALID
150,1705_20170930_012047_062.flac,d:\ALL\whistles\encounter_191_audio\1705_20170930_012047_062.flac,863fac39767ae96f4f677f91fd3fd8886e1406ca1c099b493e100baa347e22ef,190069694,500000,6,30000000,60.0,2017-09-30T01:20:47Z,VALID
151,1705_20170930_012147_063.flac,d:\ALL\whistles\encounter_191_audio\1705_20170930_012147_063.flac,f1702cbe8bb79cfd776497d9f07af8eed949242c23d389b31e5943cc610a9292,190505536,500000,6,30000000,60.0,2017-09-30T01:21:47Z,VALID
152,1705_20170930_012247_062.flac,d:\ALL\whistles\encounter_191_audio\1705_20170930_012247_062.flac,357842e6bc0029f8e539bd6676efd255be3a8ac2022adc9ca2be220e00c141de,191100597,500000,6,30000000,60.0,2017-09-30T01:22:47Z,VALID
153,1705_20170930_012347_062.flac,d:\ALL\whistles\encounter_191_audio\1705_20170930_012347_062.flac,633fe7d84b820307456f3d7f83e10f3c8d8e6834a051e83dbb55364665f939f6,193941009,500000,6,30000000,60.0,2017-09-30T01:23:47Z,VALID
154,1705_20170930_012447_062.flac,d:\ALL\whistles\encounter_191_audio\1705_20170930_012447_062.flac,90c5ff6893cd0c807919756042970e6bd1d0a1ed5b3061f55391b572e47e55b6,190808246,500000,6,30000000,60.0,2017-09-30T01:24:47Z,VALID
155,1705_20170930_012547_062.flac,d:\ALL\whistles\encounter_191_audio\1705_20170930_012547_062.flac,88556184cae8aafdfe97fce7fe5f532170309af630fa3e028faaa0a97087820e,189933681,500000,6,30000000,60.0,2017-09-30T01:25:47Z,VALID
156,1705_20170930_012647_062.flac,d:\ALL\whistles\encounter_191_audio\1705_20170930_012647_062.flac,70e7e4f363c9ad0fa6701248e95941c42213d5beae58a505978b8eba882a8b83,191284709,500000,6,30000000,60.0,2017-09-30T01:26:47Z,VALID
157,1705_20170930_012747_062.flac,d:\ALL\whistles\encounter_191_audio\1705_20170930_012747_062.flac,eda6e72385626d0a048fe1bda099e398d73a9c058a1cc49a2bf641a2f623d97c,192501413,500000,6,30000000,60.0,2017-09-30T01:27:47Z,VALID
158,1705_20170930_012847_062.flac,d:\ALL\whistles\encounter_191_audio\1705_20170930_012847_062.flac,5893ef1df1903e32ab8a82b4f87507304aba145f9de7bf2259b2c5549e185aac,191265479,500000,6,30000000,60.0,2017-09-30T01:28:47Z,VALID
159,1705_20170930_012947_062.flac,d:\ALL\whistles\encounter_191_audio\1705_20170930_012947_062.flac,a02dd03f260be342ddab5573d6ad0b9fe36120d9300c878ee5b9b4caef168eab,191157349,500000,6,30000000,60.0,2017-09-30T01:29:47Z,VALID
160,1705_20170930_013047_062.flac,d:\ALL\whistles\encounter_191_audio\1705_20170930_013047_062.flac,5a932ddf725d60f9e0387e4bbcc248886e44e822c27b661e4a35d1d9a8577b5f,189962668,500000,6,30000000,60.0,2017-09-30T01:30:47Z,VALID
161,1705_20170930_013147_062.flac,d:\ALL\whistles\encounter_191_audio\1705_20170930_013147_062.flac,4801111c7d037ed065f8ee464b713ab0dcbd42e05ae57ee8f13696df3689ea5e,190088010,500000,6,30000000,60.0,2017-09-30T01:31:47Z,VALID
162,1705_20170930_013247_062.flac,d:\ALL\whistles\encounter_191_audio\1705_20170930_013247_062.flac,79cadf95a024506afa1762401e146be3f5718b6db306a7ac0352e2a6b9f6e94f,189891594,500000,6,30000000,60.0,2017-09-30T01:32:47Z,VALID
163,1705_20170930_013347_062.flac,d:\ALL\whistles\encounter_191_audio\1705_20170930_013347_062.flac,1edee1f7bd3780c3f26f6eaaebb74a56cf3ae4b98c3e3d584b8eaa20c1b74fb1,190235879,500000,6,30000000,60.0,2017-09-30T01:33:47Z,VALID
164,1705_20170930_013447_062.flac,d:\ALL\whistles\encounter_191_audio\1705_20170930_013447_062.flac,938f9a22d920936c7c1b622a6f65d125ff3988ea82a124577abbd24267b54478,190472260,500000,6,30000000,60.0,2017-09-30T01:34:47Z,VALID
165,1705_20170930_013547_062.flac,d:\ALL\whistles\encounter_191_audio\1705_20170930_013547_062.flac,b08333da539b28e30a291a3236460bf06f446c223b10182830bdac455b46bcc5,190057179,500000,6,30000000,60.0,2017-09-30T01:35:47Z,VALID
166,1705_20170930_013647_062.flac,d:\ALL\whistles\encounter_191_audio\1705_20170930_013647_062.flac,4771fbcbd7747901e50c8cc1d39b88184ff2ddb34cc45bb123dcb45fa95c637e,189871600,500000,6,30000000,60.0,2017-09-30T01:36:47Z,VALID
167,1705_20170930_013747_062.flac,d:\ALL\whistles\encounter_191_audio\1705_20170930_013747_062.flac,3f1f9be68103504bd1d20a62a4783e5074a7e79703a5bc9e154d96c648a674a3,189684500,500000,6,30000000,60.0,2017-09-30T01:37:47Z,VALID
168,1705_20170930_013847_062.flac,d:\ALL\whistles\encounter_191_audio\1705_20170930_013847_062.flac,84bcdefca2d8f85056954599b64a59d05972dcfc42a74c9f6893ab7ef24b6d92,190144007,500000,6,30000000,60.0,2017-09-30T01:38:47Z,VALID
169,1705_20170930_013947_062.flac,d:\ALL\whistles\encounter_191_audio\1705_20170930_013947_062.flac,524c01bddc6524a08a19d69a0843b39e9e83d96fc085b7ed68537c69b49322d6,191878449,500000,6,30000000,60.0,2017-09-30T01:39:47Z,VALID
170,1705_20170930_014047_062.flac,d:\ALL\whistles\encounter_191_audio\1705_20170930_014047_062.flac,3e8c41ab0f7f19607455b91e6540a54f9e9cfdf98990a6068211344a7a688e9e,191506281,500000,6,30000000,60.0,2017-09-30T01:40:47Z,VALID
171,1705_20170930_014147_062.flac,d:\ALL\whistles\encounter_191_audio\1705_20170930_014147_062.flac,2d505757968072d15197638c749c2c469ca0edb2984eef1ff8e43262844427a3,191371552,500000,6,30000000,60.0,2017-09-30T01:41:47Z,VALID
172,1705_20170930_014247_062.flac,d:\ALL\whistles\encounter_191_audio\1705_20170930_014247_062.flac,8d43c010f688fc1c7d3f91a4b129962d10916dc89c9d5510cc66128483bc6f8f,191284401,500000,6,30000000,60.0,2017-09-30T01:42:47Z,VALID
173,1705_20170930_014347_062.flac,d:\ALL\whistles\encounter_191_audio\1705_20170930_014347_062.flac,7a557031b32396b5ead6ad86460ca652b0254b776427dabcbec688144065d44d,191004047,500000,6,30000000,60.0,2017-09-30T01:43:47Z,VALID
174,1705_20170930_014447_062.flac,d:\ALL\whistles\encounter_191_audio\1705_20170930_014447_062.flac,79e5504cb2eed843c5921c1ccf01873259ceb91523c3c88472b714a5ef27e324,190478711,500000,6,30000000,60.0,2017-09-30T01:44:47Z,VALID
175,1705_20170930_014547_062.flac,d:\ALL\whistles\encounter_191_audio\1705_20170930_014547_062.flac,5d2eaec3fc54b8dd7fb9500ecf98f05f1453e6fcf72704842dd0ce092bafc755,190326465,500000,6,30000000,60.0,2017-09-30T01:45:47Z,VALID
176,1705_20170930_014647_062.flac,d:\ALL\whistles\encounter_191_audio\1705_20170930_014647_062.flac,26eb519b542396ec8aeff4a48fda01c2126c9a23aa2648605db8a278b261ff3f,191833617,500000,6,30000000,60.0,2017-09-30T01:46:47Z,VALID
177,1705_20170930_014747_062.flac,d:\ALL\whistles\encounter_191_audio\1705_20170930_014747_062.flac,f57c69256b027d466e9265b91c6558b999870ae712ad369aab6570f3df854ce1,193478199,500000,6,30000000,60.0,2017-09-30T01:47:47Z,VALID
178,1705_20170930_014847_062.flac,d:\ALL\whistles\encounter_191_audio\1705_20170930_014847_062.flac,8a00cdc180e0898d3e92adc7c8ad4e1bb82124140ce6e66880d73f554945f60a,196162244,500000,6,30000000,60.0,2017-09-30T01:48:47Z,VALID
179,1705_20170930_014947_062.flac,d:\ALL\whistles\encounter_191_audio\1705_20170930_014947_062.flac,f6d0ef0d0a270ca39de451f38fd58c994565aa4c7c7e235ba00169f989fa5bf7,191157347,500000,6,30000000,60.0,2017-09-30T01:49:47Z,VALID
180,1705_20170930_015047_062.flac,d:\ALL\whistles\encounter_191_audio\1705_20170930_015047_062.flac,5ad6cf8ad20de83741213073377b025ead4aaa1b14c2c77a24c6734499a60ae2,190333997,500000,6,30000000,60.0,2017-09-30T01:50:47Z,VALID
181,1705_20170930_015147_062.flac,d:\ALL\whistles\encounter_191_audio\1705_20170930_015147_062.flac,7e077a4f52177198f005e4b2765d9de3ef1920787bc31e98012d38d99f48f54e,190276618,500000,6,30000000,60.0,2017-09-30T01:51:47Z,VALID
182,1705_20170930_015247_062.flac,d:\ALL\whistles\encounter_191_audio\1705_20170930_015247_062.flac,d3f0c0765fe85c215d97e707b0a35eaa75a9e941648da943b6a41aaa71508e9d,190029913,500000,6,30000000,60.0,2017-09-30T01:52:47Z,VALID
183,1705_20170930_015347_062.flac,d:\ALL\whistles\encounter_191_audio\1705_20170930_015347_062.flac,8a6ff1a0b4942b334af25b105c360abfcddf846fb585e4530262ed2d8a5eab64,189840744,500000,6,30000000,60.0,2017-09-30T01:53:47Z,VALID
184,1705_20170930_015447_062.flac,d:\ALL\whistles\encounter_191_audio\1705_20170930_015447_062.flac,455f83af567d52fb9e2cc8328943e718c1fb1bc36a30335babef7283cf004b8a,189632362,500000,6,30000000,60.0,2017-09-30T01:54:47Z,VALID
185,1705_20170930_015547_062.flac,d:\ALL\whistles\encounter_191_audio\1705_20170930_015547_062.flac,a057d941abe088d157929cb4265dc48dba37e286ea032a4c70fc7af23c191d64,189888745,500000,6,30000000,60.0,2017-09-30T01:55:47Z,VALID
186,1705_20170930_015647_062.flac,d:\ALL\whistles\encounter_191_audio\1705_20170930_015647_062.flac,803137da276647f65c67f54aa072be4268781310932617a31e70b746cf54866d,189835711,500000,6,30000000,60.0,2017-09-30T01:56:47Z,VALID
187,1705_20170930_015747_062.flac,d:\ALL\whistles\encounter_191_audio\1705_20170930_015747_062.flac,56493873bc82effabe3c45415ccf1b2004aad12df47dc149229df66f9c121b8b,189693230,500000,6,30000000,60.0,2017-09-30T01:57:47Z,VALID
188,1705_20170930_015847_063.flac,d:\ALL\whistles\encounter_191_audio\1705_20170930_015847_063.flac,634fc8e94e07f4e7050d45092709a6e716c88e3315b74241cd477defc0a5255f,189751373,500000,6,30000000,60.0,2017-09-30T01:58:47Z,VALID
189,1705_20170930_015947_062.flac,d:\ALL\whistles\encounter_191_audio\1705_20170930_015947_062.flac,dcb9942c0dc9822527077fdbe80f9644c0ef1c2751fa71db90d632411ed8703c,189742196,500000,6,30000000,60.0,2017-09-30T01:59:47Z,VALID
190,1705_20170930_020047_062.flac,d:\ALL\whistles\encounter_191_audio\1705_20170930_020047_062.flac,2dae2fcb9a0ca0d5066fa9e15b644d41ede6d467cd1a2527dc0c52c09bc6c5ea,189988941,500000,6,30000000,60.0,2017-09-30T02:00:47Z,VALID
191,1705_20170930_020147_062.flac,d:\ALL\whistles\encounter_191_audio\1705_20170930_020147_062.flac,cea670380296236caf2a2950789e77551a94de31d32164a1a4036cd5b2649359,190201739,500000,6,30000000,60.0,2017-09-30T02:01:47Z,VALID
192,1705_20170930_020247_062.flac,d:\ALL\whistles\encounter_191_audio\1705_20170930_020247_062.flac,8cbb97943f720a17cc182469b7c0d909ce6e58b490e81009e921aaa86fbdafc3,192954797,500000,6,30000000,60.0,2017-09-30T02:02:47Z,VALID
193,1705_20170930_020347_062.flac,d:\ALL\whistles\encounter_191_audio\1705_20170930_020347_062.flac,3d2fa874a33e5294490fb34576884754e5731ba13ac0e1f0f7eee9831aa88c37,196389032,500000,6,30000000,60.0,2017-09-30T02:03:47Z,VALID
194,1705_20170930_020447_062.flac,d:\ALL\whistles\encounter_191_audio\1705_20170930_020447_062.flac,3ec581d2cb2c83078184b0e7d661517ca1dcbf583c0aca7266e8050400210bcc,190859479,500000,6,30000000,60.0,2017-09-30T02:04:47Z,VALID
195,1705_20170930_020547_062.flac,d:\ALL\whistles\encounter_191_audio\1705_20170930_020547_062.flac,43e011de09eb8a7a6d950b28f5c16a41ab6316bced7bceb1b443121d43ba1d3c,190071187,500000,6,30000000,60.0,2017-09-30T02:05:47Z,VALID
196,1705_20170930_020647_062.flac,d:\ALL\whistles\encounter_191_audio\1705_20170930_020647_062.flac,4df439d4f0b2c99629a69abd3b73867cb108b7c221f9022cc19bd06ef6bde9aa,190530806,500000,6,30000000,60.0,2017-09-30T02:06:47Z,VALID
197,1705_20170930_020747_062.flac,d:\ALL\whistles\encounter_191_audio\1705_20170930_020747_062.flac,95264be3b849e51032eb88b4f96fcd88375ec2dd1140b8c1695c30091daac53c,192295302,500000,6,30000000,60.0,2017-09-30T02:07:47Z,VALID
198,1705_20170930_020847_062.flac,d:\ALL\whistles\encounter_191_audio\1705_20170930_020847_062.flac,0102bedf4cef393804437d6ff920cbab2d086f5ddc7a993cf2129aeaba497263,191483558,500000,6,30000000,60.0,2017-09-30T02:08:47Z,VALID
199,1705_20170930_020947_062.flac,d:\ALL\whistles\encounter_191_audio\1705_20170930_020947_062.flac,7b88f71407292cb9319740828de56227213132aa6585fdf0de267c6aae135797,190454984,500000,6,30000000,60.0,2017-09-30T02:09:47Z,VALID
200,1705_20170930_021047_062.flac,d:\ALL\whistles\encounter_191_audio\1705_20170930_021047_062.flac,b1d10b50b0e54231df079187fa2396889fa9c405f21abb2b23d67bd3d7b04bb4,190146485,500000,6,30000000,60.0,2017-09-30T02:10:47Z,VALID
201,1705_20170930_021147_062.flac,d:\ALL\whistles\encounter_191_audio\1705_20170930_021147_062.flac,b01c4ad8b3b951f9807ad7a4e2ae446b1618b3e4dfe3a1b27e13e10e95e3c85e,189755221,500000,6,30000000,60.0,2017-09-30T02:11:47Z,VALID
202,1705_20170930_021247_062.flac,d:\ALL\whistles\encounter_191_audio\1705_20170930_021247_062.flac,366c7340faadb5d8d6ae3fcadbf99c8a17502ebc96acae0db8d5c9478a93e1b8,190173633,500000,6,30000000,60.0,2017-09-30T02:12:47Z,VALID
203,1705_20170930_021347_062.flac,d:\ALL\whistles\encounter_191_audio\1705_20170930_021347_062.flac,2709c8233c2658602d595405abc6ce5ed8b4c905d96bf0030800fa113aa08927,189760119,500000,6,30000000,60.0,2017-09-30T02:13:47Z,VALID
204,1705_20170930_021447_062.flac,d:\ALL\whistles\encounter_191_audio\1705_20170930_021447_062.flac,59ca69dbd61f89085935d352b9ba731448c3ce991de93abcfc0361cea1601cd0,189807519,500000,6,30000000,60.0,2017-09-30T02:14:47Z,VALID
205,1705_20170930_021547_062.flac,d:\ALL\whistles\encounter_191_audio\1705_20170930_021547_062.flac,6ee279dce776c01dbcd9fc15c772297c9756bf0bf477297bad8d1c0fce002bff,189782406,500000,6,30000000,60.0,2017-09-30T02:15:47Z,VALID
206,1705_20170930_021647_062.flac,d:\ALL\whistles\encounter_191_audio\1705_20170930_021647_062.flac,bd73d7b3a9ab26db4bc6b18908f889329a998c4b1a1649b464dc4380747549d6,189772006,500000,6,30000000,60.0,2017-09-30T02:16:47Z,VALID
207,1705_20170930_021747_062.flac,d:\ALL\whistles\encounter_191_audio\1705_20170930_021747_062.flac,86701cf443c7dd415def8d1ca6c6023df1115b3a0fbb5fe658d7793cc5b5f167,189697065,500000,6,30000000,60.0,2017-09-30T02:17:47Z,VALID
208,1705_20170930_021847_062.flac,d:\ALL\whistles\encounter_191_audio\1705_20170930_021847_062.flac,da4035dbeb9957d1ea3c08376665f02d49693f01e4bda456ce72acccb5c7bf8c,189842314,500000,6,30000000,60.0,2017-09-30T02:18:47Z,VALID
209,1705_20170930_021947_062.flac,d:\ALL\whistles\encounter_191_audio\1705_20170930_021947_062.flac,ffb1f24c430f3fc308745af7b15da525c9a424ea1a4090338ec5a701e69e7437,190181791,500000,6,30000000,60.0,2017-09-30T02:19:47Z,VALID
210,1705_20170930_022047_062.flac,d:\ALL\whistles\encounter_191_audio\1705_20170930_022047_062.flac,45a45811c05ead9fa1f7677c4049cdf3b75a98e30f7a06931a3b1cbce4b99fd4,190185060,500000,6,30000000,60.0,2017-09-30T02:20:47Z,VALID
211,1705_20170930_022147_062.flac,d:\ALL\whistles\encounter_191_audio\1705_20170930_022147_062.flac,672af2f1947498f355ba10faa19807ba33d19dbf88d1aa33d4fa7651d7f0c837,190841486,500000,6,30000000,60.0,2017-09-30T02:21:47Z,VALID
212,1705_20170930_022247_062.flac,d:\ALL\whistles\encounter_191_audio\1705_20170930_022247_062.flac,8a11ac6eed5448c06d46f80d9cff93010bd25e6d1551ee9bd02496fdb9ac1220,190502761,500000,6,30000000,60.0,2017-09-30T02:22:47Z,VALID
213,1705_20170930_022347_062.flac,d:\ALL\whistles\encounter_191_audio\1705_20170930_022347_062.flac,88fef3c1c95acbaa4b76699d4bb3ae5aaef3e39ee6da4b018c023dfa267505a5,189719621,500000,6,30000000,60.0,2017-09-30T02:23:47Z,VALID
214,1705_20170930_022447_062.flac,d:\ALL\whistles\encounter_191_audio\1705_20170930_022447_062.flac,702e660e76708cad83fd20061e1cf7b9e0cc0521e0e5538500e89fcef3aab6d6,189681960,500000,6,30000000,60.0,2017-09-30T02:24:47Z,VALID
215,1705_20170930_022547_062.flac,d:\ALL\whistles\encounter_191_audio\1705_20170930_022547_062.flac,84983983d3e22c0a87dea980f7d94bec5ca8472e966d64b470e3fcd30e71007b,189612433,500000,6,30000000,60.0,2017-09-30T02:25:47Z,VALID
216,1705_20170930_022647_062.flac,d:\ALL\whistles\encounter_191_audio\1705_20170930_022647_062.flac,9d06eef5429a7bd9cecd0ac38c414ff086084cb72c4b80fc70e1ad8a4b97a309,189783183,500000,6,30000000,60.0,2017-09-30T02:26:47Z,VALID
217,1705_20170930_022747_062.flac,d:\ALL\whistles\encounter_191_audio\1705_20170930_022747_062.flac,74720c230846b8cbc0f1ee0473e4b6f70f15f444018afa5e78d2b63fa5ad5c21,189990850,500000,6,30000000,60.0,2017-09-30T02:27:47Z,VALID
218,1705_20170930_022847_062.flac,d:\ALL\whistles\encounter_191_audio\1705_20170930_022847_062.flac,ca1df5119eac296809e125c8fee4560a07bdb46395742941495eca60e8bd1c2d,189856069,500000,6,30000000,60.0,2017-09-30T02:28:47Z,VALID
219,1705_20170930_022947_062.flac,d:\ALL\whistles\encounter_191_audio\1705_20170930_022947_062.flac,d842d8e146ebdda7dc3c4c1d33e3c17f16a990ec0ee24ae71ce87f034df6491c,189846168,500000,6,30000000,60.0,2017-09-30T02:29:47Z,VALID
220,1705_20170930_023047_062.flac,d:\ALL\whistles\encounter_191_audio\1705_20170930_023047_062.flac,9a331565e6202ad8ae2cb4fc4cfec5abe5bb99e3bc0a37ce0b7964ac6f4fddc6,189626204,500000,6,30000000,60.0,2017-09-30T02:30:47Z,VALID
221,1705_20170930_023147_062.flac,d:\ALL\whistles\encounter_191_audio\1705_20170930_023147_062.flac,582e8e9db6f03264a1d18f765f532411f70f2bda5d5edc0cf59b790feee0d92c,189518278,500000,6,30000000,60.0,2017-09-30T02:31:47Z,VALID
222,1705_20170930_023247_062.flac,d:\ALL\whistles\encounter_191_audio\1705_20170930_023247_062.flac,b940fee1eb45917cb89982260c079381d8f6687547eaceaf2ac76b147fa8372b,190107715,500000,6,30000000,60.0,2017-09-30T02:32:47Z,VALID
223,1705_20170930_023347_062.flac,d:\ALL\whistles\encounter_191_audio\1705_20170930_023347_062.flac,11a2e74273dd0f887bb06cf74282c649f7715d36bdfc8e56e0357f2bfbf4dfdc,189602542,500000,6,30000000,60.0,2017-09-30T02:33:47Z,VALID
224,1705_20170930_023447_062.flac,d:\ALL\whistles\encounter_191_audio\1705_20170930_023447_062.flac,f6095d4cdc6611a8c396d6f73974941fd829279af74a6c91398049c21c1d4a5b,189984119,500000,6,30000000,60.0,2017-09-30T02:34:47Z,VALID
225,1705_20170930_023547_062.flac,d:\ALL\whistles\encounter_191_audio\1705_20170930_023547_062.flac,0b5dbd77f1a23ae62fdf245681e1a5c7089a20df70424217e2af105626161dda,191225483,500000,6,30000000,60.0,2017-09-30T02:35:47Z,VALID
226,1705_20170930_023647_062.flac,d:\ALL\whistles\encounter_191_audio\1705_20170930_023647_062.flac,342085d9763e31dbcab27d15399557d37c155232d1cf3e36b04eeb8ed8d7b2e8,191447499,500000,6,30000000,60.0,2017-09-30T02:36:47Z,VALID
227,1705_20170930_023747_062.flac,d:\ALL\whistles\encounter_191_audio\1705_20170930_023747_062.flac,1d35bcfcdc5dfe6aebaa234c8742135d12d6cbe9cfeccfeb6201f75322e6d841,190473106,500000,6,30000000,60.0,2017-09-30T02:37:47Z,VALID
228,1705_20170930_023847_062.flac,d:\ALL\whistles\encounter_191_audio\1705_20170930_023847_062.flac,1d7c7d79be8792f66281efb53cab7a730c166f0feea5a267607f731ceb20622c,190707001,500000,6,30000000,60.0,2017-09-30T02:38:47Z,VALID
229,1705_20170930_023947_062.flac,d:\ALL\whistles\encounter_191_audio\1705_20170930_023947_062.flac,499b3e927c48aea23be13897c3fddbbb537333dadf0b8ad9283b40ac5aed266d,190736803,500000,6,30000000,60.0,2017-09-30T02:39:47Z,VALID
230,1705_20170930_024047_062.flac,d:\ALL\whistles\encounter_191_audio\1705_20170930_024047_062.flac,ecf5ea483f6cc54c483f2e484db4824df33711666cdcd671a7c30bfea3ef96ed,189362287,500000,6,30000000,60.0,2017-09-30T02:40:47Z,VALID
231,1705_20170930_024147_062.flac,d:\ALL\whistles\encounter_191_audio\1705_20170930_024147_062.flac,66772a22eb24753dabfde4e5291d8d8c92fe981c02f8b24715c42e15a6237b50,189455851,500000,6,30000000,60.0,2017-09-30T02:41:47Z,VALID
232,1705_20170930_024247_062.flac,d:\ALL\whistles\encounter_191_audio\1705_20170930_024247_062.flac,25671e94d44e85083881dc8c99c864fb234b505e29a46cf0947261ccf42dd2cd,189498820,500000,6,30000000,60.0,2017-09-30T02:42:47Z,VALID
233,1705_20170930_024347_062.flac,d:\ALL\whistles\encounter_191_audio\1705_20170930_024347_062.flac,8a2a2b933aad7d5ea147d177b64e723633d2066ae56bb2638dc01effbbe0364c,189374880,500000,6,30000000,60.0,2017-09-30T02:43:47Z,VALID
234,1705_20170930_024447_062.flac,d:\ALL\whistles\encounter_191_audio\1705_20170930_024447_062.flac,8508d42c564def3b05b4789c277b8eb8847a888bd45b5ea18351db2ca9f7c41f,189372992,500000,6,30000000,60.0,2017-09-30T02:44:47Z,VALID
235,1705_20170930_024547_062.flac,d:\ALL\whistles\encounter_191_audio\1705_20170930_024547_062.flac,51f37dec000861c57e03f4522f4fe4318c187d12cef58cf7ea317f07c352458f,189466602,500000,6,30000000,60.0,2017-09-30T02:45:47Z,VALID
236,1705_20170930_024647_062.flac,d:\ALL\whistles\encounter_191_audio\1705_20170930_024647_062.flac,b1b84149def8bbed868ecdb2ae0bf9c97ec4cc90915a2d195349d1b516fd0b7e,189462547,500000,6,30000000,60.0,2017-09-30T02:46:47Z,VALID
237,1705_20170930_024747_062.flac,d:\ALL\whistles\encounter_191_audio\1705_20170930_024747_062.flac,bbb1ca4996b243ecec6c689f4781e71995599b719708dfefb0e65646c0e114c0,189358690,500000,6,30000000,60.0,2017-09-30T02:47:47Z,VALID
238,1705_20170930_024847_062.flac,d:\ALL\whistles\encounter_191_audio\1705_20170930_024847_062.flac,d3e7b1601c9f79ab0f9827dad21c8be0077583217e55babbd0e3c3a9205ecdd3,189496387,500000,6,30000000,60.0,2017-09-30T02:48:47Z,VALID
239,1705_20170930_024947_062.flac,d:\ALL\whistles\encounter_191_audio\1705_20170930_024947_062.flac,e7eabad3aadf8337d74e5c8c63c7b8e2ac38cbe5c08e5a0fbcb953d56001626c,189548555,500000,6,30000000,60.0,2017-09-30T02:49:47Z,VALID
240,1705_20170930_025047_062.flac,d:\ALL\whistles\encounter_191_audio\1705_20170930_025047_062.flac,6bf0b691be3143e61541d579600e4cc76e48763ced1470f5060399c3fdf647f4,189501025,500000,6,30000000,60.0,2017-09-30T02:50:47Z,VALID
241,1705_20170930_025147_062.flac,d:\ALL\whistles\encounter_191_audio\1705_20170930_025147_062.flac,fbbba03c5df532c07d52107c7f22019cac7b8cbbc5009f641db82a314a6e91d9,189736068,500000,6,30000000,60.0,2017-09-30T02:51:47Z,VALID
242,1705_20170930_025247_062.flac,d:\ALL\whistles\encounter_191_audio\1705_20170930_025247_062.flac,ca30163d8a90805af2c8d34ca72d298884205231575a1e7d3707bf78788180ba,189421391,500000,6,30000000,60.0,2017-09-30T02:52:47Z,VALID
243,1705_20170930_025347_062.flac,d:\ALL\whistles\encounter_191_audio\1705_20170930_025347_062.flac,3c3a1030e31dfb5bd17dfa601fa6e74efc428acb8dc13adbc87a42b68d9e950a,189767573,500000,6,30000000,60.0,2017-09-30T02:53:47Z,VALID
244,1705_20170930_025447_062.flac,d:\ALL\whistles\encounter_191_audio\1705_20170930_025447_062.flac,945e4458861d4e2ae4c1364e564434eea9f2ae9b867e1940ba7db3a0c9ad639b,189920095,500000,6,30000000,60.0,2017-09-30T02:54:47Z,VALID
245,1705_20170930_025547_062.flac,d:\ALL\whistles\encounter_191_audio\1705_20170930_025547_062.flac,60469c12cb6921dc7094f484374bfe741099054ca3ab3f67d08d384335b44d99,189786901,500000,6,30000000,60.0,2017-09-30T02:55:47Z,VALID
246,1705_20170930_025647_062.flac,d:\ALL\whistles\encounter_191_audio\1705_20170930_025647_062.flac,b69704b5a8638f280ee5cb1b28ba66c0ec220745b1a7bb73b6158112dbc58adc,189595180,500000,6,30000000,60.0,2017-09-30T02:56:47Z,VALID
247,1705_20170930_025747_062.flac,d:\ALL\whistles\encounter_191_audio\1705_20170930_025747_062.flac,58af558cbe5e3f72f96ab52b8fbc2e24a187589a5eb774d22389e2e3590ba1c8,189726593,500000,6,30000000,60.0,2017-09-30T02:57:47Z,VALID
248,1705_20170930_025847_062.flac,d:\ALL\whistles\encounter_191_audio\1705_20170930_025847_062.flac,c7bf24975c8caa9036aff2b053537dc37d02876c5e81c70f9cfccdea878574c8,189605417,500000,6,30000000,60.0,2017-09-30T02:58:47Z,VALID
249,1705_20170930_025947_062.flac,d:\ALL\whistles\encounter_191_audio\1705_20170930_025947_062.flac,ea22825a03065ac9a43ff51c932adc72d7e4f10b3538f543d8a973064fbaa551,189506426,500000,6,30000000,60.0,2017-09-30T02:59:47Z,VALID
250,1705_20170930_030047_062.flac,d:\ALL\whistles\encounter_191_audio\1705_20170930_030047_062.flac,159fad1de1a4678a11d46ff17433f96c622926198be3a81dd72844c8c0730cf5,189720575,500000,6,30000000,60.0,2017-09-30T03:00:47Z,VALID
251,1705_20170930_030147_062.flac,d:\ALL\whistles\encounter_191_audio\1705_20170930_030147_062.flac,04c1ec3ebeb730026a2b5c7222f4324fb5dc1883d16a53dbbba808eb577ca521,189556763,500000,6,30000000,60.0,2017-09-30T03:01:47Z,VALID
252,1705_20170930_030247_062.flac,d:\ALL\whistles\encounter_191_audio\1705_20170930_030247_062.flac,4f159ff5c4aa6454dc10737132c054f1f01405bc890eaeb13415557805aa5e7e,189339766,500000,6,30000000,60.0,2017-09-30T03:02:47Z,VALID
253,1705_20170930_030347_062.flac,d:\ALL\whistles\encounter_191_audio\1705_20170930_030347_062.flac,032e330a59fc71938353900b42d98be288f2fd16e66260b7cd66b43c653c2dca,189342920,500000,6,30000000,60.0,2017-09-30T03:03:47Z,VALID
254,1705_20170930_030447_062.flac,d:\ALL\whistles\encounter_191_audio\1705_20170930_030447_062.flac,5e7f5e3afada046371fd5fb23ba2fb6f0c263f5cc98027c5ff1bb34b0e018f23,189438923,500000,6,30000000,60.0,2017-09-30T03:04:47Z,VALID
255,1705_20170930_030547_062.flac,d:\ALL\whistles\encounter_191_audio\1705_20170930_030547_062.flac,53f67ace94c65a9b9e949c206fce3e896937fd2111a8f0ae8993da81a13393e8,189385157,500000,6,30000000,60.0,2017-09-30T03:05:47Z,VALID
256,1705_20170930_030647_062.flac,d:\ALL\whistles\encounter_191_audio\1705_20170930_030647_062.flac,cfe376a982ae44f3fcfa7e5c5aa71be7d3456e3a4feecc00a3eb753400836f5e,189350980,500000,6,30000000,60.0,2017-09-30T03:06:47Z,VALID
257,1705_20170930_030747_062.flac,d:\ALL\whistles\encounter_191_audio\1705_20170930_030747_062.flac,dafafd8daefced1a43bcf18fdaa4dee496e9932584123400c77c7c79df1ee90e,189482077,500000,6,30000000,60.0,2017-09-30T03:07:47Z,VALID
258,1705_20170930_030847_062.flac,d:\ALL\whistles\encounter_191_audio\1705_20170930_030847_062.flac,c4124d19d9cc6534fa5d4d6d9350c541ced49da7ba025c57a2ee6cbbc7d39c06,189762322,500000,6,30000000,60.0,2017-09-30T03:08:47Z,VALID
259,1705_20170930_030947_062.flac,d:\ALL\whistles\encounter_191_audio\1705_20170930_030947_062.flac,0d0e16d8b56a9f62ef9a24433bd5fd1a5f4c7f9177c9a395e6e4af83131bd82e,190073578,500000,6,30000000,60.0,2017-09-30T03:09:47Z,VALID
260,1705_20170930_031047_062.flac,d:\ALL\whistles\encounter_191_audio\1705_20170930_031047_062.flac,b588140b982631d91da1565b8c9101b480e9da49f28baaa30597e1c3fcf956ed,190049629,500000,6,30000000,60.0,2017-09-30T03:10:47Z,VALID
261,1705_20170930_031147_062.flac,d:\ALL\whistles\encounter_191_audio\1705_20170930_031147_062.flac,4731181675ae84d6717a44330af9042edda46554d9975ce34c11bee8f7fe90cd,190088969,500000,6,30000000,60.0,2017-09-30T03:11:47Z,VALID
262,1705_20170930_031247_062.flac,d:\ALL\whistles\encounter_191_audio\1705_20170930_031247_062.flac,47d2d1e78b6203a103b855d48dcec1a17527c1997b7c4dd109a96e06cfc6dfd3,190362375,500000,6,30000000,60.0,2017-09-30T03:12:47Z,VALID
263,1705_20170930_031347_062.flac,d:\ALL\whistles\encounter_191_audio\1705_20170930_031347_062.flac,a68e4a48293216dbca86f671f128654633205c6c18c2bf3f20557cc66ad8e35e,190352676,500000,6,30000000,60.0,2017-09-30T03:13:47Z,VALID
264,1705_20170930_031447_062.flac,d:\ALL\whistles\encounter_191_audio\1705_20170930_031447_062.flac,f1a4f08ced1e9578b2e9458768f49921409cda5f863ec0fa4b17cc9d60d81871,190219442,500000,6,30000000,60.0,2017-09-30T03:14:47Z,VALID
265,1705_20170930_031547_062.flac,d:\ALL\whistles\encounter_191_audio\1705_20170930_031547_062.flac,9dcef52c1fb69116ed24e9357c92b6226a6cb75095bf7f418b34a8707833b43a,190582644,500000,6,30000000,60.0,2017-09-30T03:15:47Z,VALID
266,1705_20170930_031647_062.flac,d:\ALL\whistles\encounter_191_audio\1705_20170930_031647_062.flac,eab40f35fd1afd9bc99ad50330c2667621e8ad23b7ef3cf19bf6d30d0eef0571,190287503,500000,6,30000000,60.0,2017-09-30T03:16:47Z,VALID
267,1705_20170930_031747_062.flac,d:\ALL\whistles\encounter_191_audio\1705_20170930_031747_062.flac,67141454df24a2705ee66461d6bacc491e7e1738f4b4f13e6060dcb51e6e61d8,190019788,500000,6,30000000,60.0,2017-09-30T03:17:47Z,VALID
268,1705_20170930_031847_062.flac,d:\ALL\whistles\encounter_191_audio\1705_20170930_031847_062.flac,83f983f9444c8d13935ebc4b23307dbe7ddaf111920dbd04eed5614420bee02a,189928221,500000,6,30000000,60.0,2017-09-30T03:18:47Z,VALID
269,1705_20170930_031947_062.flac,d:\ALL\whistles\encounter_191_audio\1705_20170930_031947_062.flac,78f55f4e88022a5a1ad11d6cd50310a1d32cf67d8bec38b53d6ba58a0ccb39f8,189946478,500000,6,30000000,60.0,2017-09-30T03:19:47Z,VALID
270,1705_20170930_032047_062.flac,d:\ALL\whistles\encounter_191_audio\1705_20170930_032047_062.flac,d869fbaad846c722467960c49292d2e70c3e70a996464f8b6e4370266ef86eb0,190132199,500000,6,30000000,60.0,2017-09-30T03:20:47Z,VALID
271,1705_20170930_032147_062.flac,d:\ALL\whistles\encounter_191_audio\1705_20170930_032147_062.flac,65f01d245925ae200f37c2ab5b834615ba7e50d50e6ab6186e5ac5f83cbc5187,189974201,500000,6,30000000,60.0,2017-09-30T03:21:47Z,VALID
272,1705_20170930_032247_062.flac,d:\ALL\whistles\encounter_191_audio\1705_20170930_032247_062.flac,1adb0c4449337e238cf9e4bd361ed5a88b5f88c9660b5a29edd71ea72553ff82,190031732,500000,6,30000000,60.0,2017-09-30T03:22:47Z,VALID
273,1705_20170930_032347_062.flac,d:\ALL\whistles\encounter_191_audio\1705_20170930_032347_062.flac,2ba6d84d0b66eadad8d039cf86a2984b2720e220d373a20a983d030cf77f40c7,190058889,500000,6,30000000,60.0,2017-09-30T03:23:47Z,VALID
274,1705_20170930_032447_062.flac,d:\ALL\whistles\encounter_191_audio\1705_20170930_032447_062.flac,3055781c9d0be7776ff7e41cb4c6a93967010953c7817ddf5e88892ee014983c,190125333,500000,6,30000000,60.0,2017-09-30T03:24:47Z,VALID
275,1705_20170930_032547_062.flac,d:\ALL\whistles\encounter_191_audio\1705_20170930_032547_062.flac,28c7e53a04d7a564adb7371cb758aa1d3e656a43789c219a214132c187559dd6,189988240,500000,6,30000000,60.0,2017-09-30T03:25:47Z,VALID
276,1705_20170930_032647_062.flac,d:\ALL\whistles\encounter_191_audio\1705_20170930_032647_062.flac,62fd7fe78c4e75e0a149bff355b3b298585512d8e42fad52adbf8dca2cd0961e,189867466,500000,6,30000000,60.0,2017-09-30T03:26:47Z,VALID
277,1705_20170930_032747_062.flac,d:\ALL\whistles\encounter_191_audio\1705_20170930_032747_062.flac,d37d29d5d077c860e1162c0a99717ded04033de052a136066f783b119a992f08,189932727,500000,6,30000000,60.0,2017-09-30T03:27:47Z,VALID
278,1705_20170930_032847_062.flac,d:\ALL\whistles\encounter_191_audio\1705_20170930_032847_062.flac,8af3455e52c7090cb6237b6dadb7b3df7c1ff2f8ea85bffef235ebd715a577da,189883158,500000,6,30000000,60.0,2017-09-30T03:28:47Z,VALID
279,1705_20170930_032947_062.flac,d:\ALL\whistles\encounter_191_audio\1705_20170930_032947_062.flac,d5331614e3b982a4429f0cfbbfda3f300fd19c7d92d8efd3e9bf2df1f8583825,190186332,500000,6,30000000,60.0,2017-09-30T03:29:47Z,VALID
280,1705_20170930_033047_062.flac,d:\ALL\whistles\encounter_191_audio\1705_20170930_033047_062.flac,fcc21104b364c273f3a80aa21c554d83d959bd1acd2f88e767def210ce07fa64,190215164,500000,6,30000000,60.0,2017-09-30T03:30:47Z,VALID
281,1705_20170930_033147_062.flac,d:\ALL\whistles\encounter_191_audio\1705_20170930_033147_062.flac,903c09b051a2dab4b23534c101ac325032da0a3835e47db3df784372c7e70524,190109210,500000,6,30000000,60.0,2017-09-30T03:31:47Z,VALID
282,1705_20170930_033247_062.flac,d:\ALL\whistles\encounter_191_audio\1705_20170930_033247_062.flac,fec67c8bb71168af8d34f9c99d17dc8bd47745b50685cfa13c0477893ea9f47c,189750179,500000,6,30000000,60.0,2017-09-30T03:32:47Z,VALID
283,1705_20170930_033347_062.flac,d:\ALL\whistles\encounter_191_audio\1705_20170930_033347_062.flac,c2cbf15e03b1427c295bf75ccce31ba89da8a19c07d18acb290d3078f5dfe352,190046388,500000,6,30000000,60.0,2017-09-30T03:33:47Z,VALID
284,1705_20170930_033447_062.flac,d:\ALL\whistles\encounter_191_audio\1705_20170930_033447_062.flac,12084e67ee3da05cff0680f8d051954d87d2f9c5f04d9ed231d6f8b8057a4859,189988590,500000,6,30000000,60.0,2017-09-30T03:34:47Z,VALID
285,1705_20170930_033547_062.flac,d:\ALL\whistles\encounter_191_audio\1705_20170930_033547_062.flac,e3c331335c6147361099ef46fbcd3c7b7a6ab44f2e7fbd5c70858f5e490ff2e0,189978604,500000,6,30000000,60.0,2017-09-30T03:35:47Z,VALID
286,1705_20170930_033647_062.flac,d:\ALL\whistles\encounter_191_audio\1705_20170930_033647_062.flac,60b4abd389185e96937daf23e3df79a44f7f61ac5a5cbeb509f4aa74e9f5e766,190155221,500000,6,30000000,60.0,2017-09-30T03:36:47Z,VALID
287,1705_20170930_033747_062.flac,d:\ALL\whistles\encounter_191_audio\1705_20170930_033747_062.flac,e6b4d4c795d32d7c9f5273d32250c8072774176955fffe32ef7ca390a0114b35,190234448,500000,6,30000000,60.0,2017-09-30T03:37:47Z,VALID
288,1705_20170930_033847_062.flac,d:\ALL\whistles\encounter_191_audio\1705_20170930_033847_062.flac,c462503c78553e9b93b3c017a9ec94c6171501198ad4a2bcc74b09936cee841d,190788096,500000,6,30000000,60.0,2017-09-30T03:38:47Z,VALID
289,1705_20170930_033947_062.flac,d:\ALL\whistles\encounter_191_audio\1705_20170930_033947_062.flac,7ed4447a95e04fbee90edf42434fbc1c02dc1881ebeeab6cb80740c57a11df3c,190808304,500000,6,30000000,60.0,2017-09-30T03:39:47Z,VALID
290,1705_20170930_034047_062.flac,d:\ALL\whistles\encounter_191_audio\1705_20170930_034047_062.flac,b1c0cdc46fe97de57326e342c2cbb5d824f6b3e828f65aa99c5dc270022adc70,190562001,500000,6,30000000,60.0,2017-09-30T03:40:47Z,VALID
291,1705_20170930_034147_062.flac,d:\ALL\whistles\encounter_191_audio\1705_20170930_034147_062.flac,697d986db5d8ac66596c8af9bd26608c8e9ad19b519d877f4ddfecd84f6124ca,190433785,500000,6,30000000,60.0,2017-09-30T03:41:47Z,VALID
292,1705_20170930_034247_062.flac,d:\ALL\whistles\encounter_191_audio\1705_20170930_034247_062.flac,993dd468380eb00f1f9436e234b1cb53c50cb3e4bcc698e69febd490c943904d,190382220,500000,6,30000000,60.0,2017-09-30T03:42:47Z,VALID
293,1705_20170930_034347_062.flac,d:\ALL\whistles\encounter_191_audio\1705_20170930_034347_062.flac,2d55df8a720df728b3eb5ca151712791435d640bdf3902420162bcdb419674bf,190289907,500000,6,30000000,60.0,2017-09-30T03:43:47Z,VALID
294,1705_20170930_034447_062.flac,d:\ALL\whistles\encounter_191_audio\1705_20170930_034447_062.flac,aeb1cd23619960f7f00d29a22770720360127fba02a26477739ac97782422a97,190208295,500000,6,30000000,60.0,2017-09-30T03:44:47Z,VALID
295,1705_20170930_034547_062.flac,d:\ALL\whistles\encounter_191_audio\1705_20170930_034547_062.flac,0986e22a69d946837a7f02a76506371f4b275b79ab4e0a4bcc750329d49f9279,190148317,500000,6,30000000,60.0,2017-09-30T03:45:47Z,VALID
296,1705_20170930_034647_062.flac,d:\ALL\whistles\encounter_191_audio\1705_20170930_034647_062.flac,32f8450edf1589eb60c32b93dbfc26800374ac7e322dfc4a7a69dd2aaed018ac,190326659,500000,6,30000000,60.0,2017-09-30T03:46:47Z,VALID
297,1705_20170930_034747_062.flac,d:\ALL\whistles\encounter_191_audio\1705_20170930_034747_062.flac,c8c047e83f7a18593def5e15b136eacedb4bfb3b0efe9cc83e06d69640766fc0,190463458,500000,6,30000000,60.0,2017-09-30T03:47:47Z,VALID
298,1705_20170930_034847_062.flac,d:\ALL\whistles\encounter_191_audio\1705_20170930_034847_062.flac,64201a88bbb36a7293f9bd16041687c0320cc4a0a818ecde856bde19aca3f760,190406567,500000,6,30000000,60.0,2017-09-30T03:48:47Z,VALID
299,1705_20170930_034947_062.flac,d:\ALL\whistles\encounter_191_audio\1705_20170930_034947_062.flac,8f3a823353eeeacd5e30eb7ec7db9020ff59b11413ca7e9a13cd08899a308833,189950584,500000,6,30000000,60.0,2017-09-30T03:49:47Z,VALID
300,1705_20170930_035047_062.flac,d:\ALL\whistles\encounter_191_audio\1705_20170930_035047_062.flac,71f657b5adba81ee1f89f15f6f30b1c36c48d4abb1218ff2768855d2d74272b5,190546677,500000,6,30000000,60.0,2017-09-30T03:50:47Z,VALID
301,1705_20170930_035147_062.flac,d:\ALL\whistles\encounter_191_audio\1705_20170930_035147_062.flac,0d07aa0e2876247e05350787a0a0279ffa0cd0faecd2a8dfad3a9a03a9c6a258,190118938,500000,6,30000000,60.0,2017-09-30T03:51:47Z,VALID
302,1705_20170930_035247_062.flac,d:\ALL\whistles\encounter_191_audio\1705_20170930_035247_062.flac,f035f0b01cef837d36a8816559a536c5460a96c4650369869b60b668d8061cb2,190696292,500000,6,30000000,60.0,2017-09-30T03:52:47Z,VALID
303,1705_20170930_035347_062.flac,d:\ALL\whistles\encounter_191_audio\1705_20170930_035347_062.flac,b0b99b95e1be3208741c8ff2c722b596a608925160daaab56f25671ec6baa9e8,190011887,500000,6,30000000,60.0,2017-09-30T03:53:47Z,VALID
304,1705_20170930_035447_062.flac,d:\ALL\whistles\encounter_191_audio\1705_20170930_035447_062.flac,280a051c4dadd55b5f4f065644715997f74f546a26081d35d11afdc814084741,189962735,500000,6,30000000,60.0,2017-09-30T03:54:47Z,VALID
305,1705_20170930_035547_062.flac,d:\ALL\whistles\encounter_191_audio\1705_20170930_035547_062.flac,db8bfb2a848f7de3e05d1fb85671fcdcf3380ec563195b42f257de56d1777b46,189773210,500000,6,30000000,60.0,2017-09-30T03:55:47Z,VALID
306,1705_20170930_035647_062.flac,d:\ALL\whistles\encounter_191_audio\1705_20170930_035647_062.flac,b7a294692f50ad48fbebfb544e368d89b659cbcc3c5cbcad8d5f6bab9b122146,189796828,500000,6,30000000,60.0,2017-09-30T03:56:47Z,VALID
307,1705_20170930_035747_062.flac,d:\ALL\whistles\encounter_191_audio\1705_20170930_035747_062.flac,e7a6b5284a6661846fbceb4f704e9409f618d03c68b51a14f2591643bca853ce,189778441,500000,6,30000000,60.0,2017-09-30T03:57:47Z,VALID
308,1705_20170930_035847_062.flac,d:\ALL\whistles\encounter_191_audio\1705_20170930_035847_062.flac,39e36b369d22719c92946fd20b92260f65bb2d7a7be20b54e7ba6412bf64920e,189766979,500000,6,30000000,60.0,2017-09-30T03:58:47Z,VALID
309,1705_20170930_035947_062.flac,d:\ALL\whistles\encounter_191_audio\1705_20170930_035947_062.flac,cd5860702ce2b56b2082efb0eed0dbb480a2ef42925f9f8bd499668fb77a3f0e,190213297,500000,6,30000000,60.0,2017-09-30T03:59:47Z,VALID
310,1705_20170930_040047_062.flac,d:\ALL\whistles\encounter_191_audio\1705_20170930_040047_062.flac,89df802242893d0fc6db9b75d4d1f38be874b5c9b0033389c1815041215ff41c,192686915,500000,6,30000000,60.0,2017-09-30T04:00:47Z,VALID
311,1705_20170930_040147_062.flac,d:\ALL\whistles\encounter_191_audio\1705_20170930_040147_062.flac,bbe859c934845507c7da540eb5ef9c564491dc9a958707e787b7d2269c15a384,200723961,500000,6,30000000,60.0,2017-09-30T04:01:47Z,VALID
312,1705_20170930_040247_062.flac,d:\ALL\whistles\encounter_191_audio\1705_20170930_040247_062.flac,3e5c6289c18c66ca5f1c12b61d331d47b7b4527e3c091416d4aef2e28d7b2c9f,196681608,500000,6,30000000,60.0,2017-09-30T04:02:47Z,VALID
313,1705_20170930_040347_062.flac,d:\ALL\whistles\encounter_191_audio\1705_20170930_040347_062.flac,2615253549ad9fcef07b99920584e93fda5c2464d77d11c26dfad25f5b019694,190061834,500000,6,30000000,60.0,2017-09-30T04:03:47Z,VALID
314,1705_20170930_040447_062.flac,d:\ALL\whistles\encounter_191_audio\1705_20170930_040447_062.flac,5e84ce7046248a49aebf9bdae8b25bcd1a60e173a565fe1e476c0c6c82a69a7a,189604945,500000,6,30000000,60.0,2017-09-30T04:04:47Z,VALID
315,1705_20170930_040547_062.flac,d:\ALL\whistles\encounter_191_audio\1705_20170930_040547_062.flac,79d16b09cc87b9cdfa43f9f3001d99ac23871451955e55b74ba1f20a595a29e6,189614450,500000,6,30000000,60.0,2017-09-30T04:05:47Z,VALID
316,1705_20170930_040647_062.flac,d:\ALL\whistles\encounter_191_audio\1705_20170930_040647_062.flac,40686eae8b5e9f5314916853bb0879a9efcbb46c21d3a4f9a5a057fd18d727fc,189567348,500000,6,30000000,60.0,2017-09-30T04:06:47Z,VALID
317,1705_20170930_040747_062.flac,d:\ALL\whistles\encounter_191_audio\1705_20170930_040747_062.flac,a95e6312d28d1d5178de62c85e92f3f7ddc00c563ca17412d3dc7e073104f829,189636626,500000,6,30000000,60.0,2017-09-30T04:07:47Z,VALID
318,1705_20170930_040847_062.flac,d:\ALL\whistles\encounter_191_audio\1705_20170930_040847_062.flac,535acc706f11e2ed768d2cad4c38d2d4297b98d04def6cb343a2bdbf332c909f,189633694,500000,6,30000000,60.0,2017-09-30T04:08:47Z,VALID
319,1705_20170930_040947_062.flac,d:\ALL\whistles\encounter_191_audio\1705_20170930_040947_062.flac,b78ea4f016576d939010f9dd232a3770abac282cbb2ede3d137989b1dc17f60c,189701932,500000,6,30000000,60.0,2017-09-30T04:09:47Z,VALID
320,1705_20170930_041047_062.flac,d:\ALL\whistles\encounter_191_audio\1705_20170930_041047_062.flac,de61acdd8dda02199f243f809f164d88a2a900f32d925ecb851b8ff081603ebf,189714386,500000,6,30000000,60.0,2017-09-30T04:10:47Z,VALID
321,1705_20170930_041147_062.flac,d:\ALL\whistles\encounter_191_audio\1705_20170930_041147_062.flac,25d8f1722b0ef41ba1e7b0c0ed414fa0611c29d4e2d89f48fa3229dc1ef14c0b,189855376,500000,6,30000000,60.0,2017-09-30T04:11:47Z,VALID
322,1705_20170930_041247_062.flac,d:\ALL\whistles\encounter_191_audio\1705_20170930_041247_062.flac,7d284b9f851e03b16f4678f3ee45e979ae35ce2a7260bce1f828d78843417fa4,189780125,500000,6,30000000,60.0,2017-09-30T04:12:47Z,VALID
323,1705_20170930_041347_062.flac,d:\ALL\whistles\encounter_191_audio\1705_20170930_041347_062.flac,6af1c0fe229c46bd51fdccef903ff70a6ae12a7b2b4603e940765babfe53f4c7,189776107,500000,6,30000000,60.0,2017-09-30T04:13:47Z,VALID
324,1705_20170930_041447_062.flac,d:\ALL\whistles\encounter_191_audio\1705_20170930_041447_062.flac,4e2ae11187384b4af3e04a3ec448a64ebc7aaf8886f9d298aa67bb025786ce73,189806306,500000,6,30000000,60.0,2017-09-30T04:14:47Z,VALID
325,1705_20170930_041547_062.flac,d:\ALL\whistles\encounter_191_audio\1705_20170930_041547_062.flac,80d5e26c3fd5e0d64e3ec99460487e73e93f240e90263449e534e323fd937a56,189727562,500000,6,30000000,60.0,2017-09-30T04:15:47Z,VALID
326,1705_20170930_041647_062.flac,d:\ALL\whistles\encounter_191_audio\1705_20170930_041647_062.flac,0330793187356316540278bd92904ced5631c1bfe32e6cc8f1a82985a3cb2a9f,189721947,500000,6,30000000,60.0,2017-09-30T04:16:47Z,VALID
327,1705_20170930_041747_062.flac,d:\ALL\whistles\encounter_191_audio\1705_20170930_041747_062.flac,5dd13eecabdf0ae58d9ae2dd6fe3a026a6a22166905db1b3dbd313b418f51f94,189826081,500000,6,30000000,60.0,2017-09-30T04:17:47Z,VALID
328,1705_20170930_041847_062.flac,d:\ALL\whistles\encounter_191_audio\1705_20170930_041847_062.flac,4d7c517ca6bd9c41fe15761f41a5b71d2485fd155c408daeee30d2eadfee6ae1,189871988,500000,6,30000000,60.0,2017-09-30T04:18:47Z,VALID
329,1705_20170930_041947_062.flac,d:\ALL\whistles\encounter_191_audio\1705_20170930_041947_062.flac,fd6f5974fcf8004294a2f3d39a260b46724d97fd51927e9bf4d4063d1841cd7d,189941592,500000,6,30000000,60.0,2017-09-30T04:19:47Z,VALID
330,1705_20170930_042047_062.flac,d:\ALL\whistles\encounter_191_audio\1705_20170930_042047_062.flac,64c3e1c4bc8e10eee353c493aee5a272045dc3a3636b910ecf185f07e5a9fec1,189901345,500000,6,30000000,60.0,2017-09-30T04:20:47Z,VALID
331,1705_20170930_042147_062.flac,d:\ALL\whistles\encounter_191_audio\1705_20170930_042147_062.flac,b9474276a3528b3d7819d56e3f0bfbe216b4859d45e3812ae9a223ab020899e6,189658569,500000,6,30000000,60.0,2017-09-30T04:21:47Z,VALID
332,1705_20170930_042247_062.flac,d:\ALL\whistles\encounter_191_audio\1705_20170930_042247_062.flac,103f1be0dda358d80c12500993bdecdcfb1fc962f18995794bb36042860d3a4e,189771239,500000,6,30000000,60.0,2017-09-30T04:22:47Z,VALID
333,1705_20170930_042347_062.flac,d:\ALL\whistles\encounter_191_audio\1705_20170930_042347_062.flac,935627fb5277e0eb84b50ea82abe68d5514169691d1045ebe3d2716fb4c5f622,189655082,500000,6,30000000,60.0,2017-09-30T04:23:47Z,VALID
334,1705_20170930_042447_062.flac,d:\ALL\whistles\encounter_191_audio\1705_20170930_042447_062.flac,9bc862270111caf5e6d16982226c4dca5a153d853ede56b9ecfe4d18ad062b28,189569497,500000,6,30000000,60.0,2017-09-30T04:24:47Z,VALID
335,1705_20170930_042547_062.flac,d:\ALL\whistles\encounter_191_audio\1705_20170930_042547_062.flac,d1810bb5056c2b3555f3d2b3a412346792e38f516a91340910d249a5d20a4e0e,189467949,500000,6,30000000,60.0,2017-09-30T04:25:47Z,VALID
336,1705_20170930_042647_062.flac,d:\ALL\whistles\encounter_191_audio\1705_20170930_042647_062.flac,7f77afa12ba9438571938d00f7666400ea6962f8a8e017693877a96abbc071b9,189495958,500000,6,30000000,60.0,2017-09-30T04:26:47Z,VALID
337,1705_20170930_042747_062.flac,d:\ALL\whistles\encounter_191_audio\1705_20170930_042747_062.flac,f4830675f98db1384bef0fa464e3d8fcac6a2693c353a7b0cc97092468041399,189431914,500000,6,30000000,60.0,2017-09-30T04:27:47Z,VALID
338,1705_20170930_042847_062.flac,d:\ALL\whistles\encounter_191_audio\1705_20170930_042847_062.flac,b3fe5a37a63731470f464edaec7616e236996bc605226fa84d491fe633af035f,189390200,500000,6,30000000,60.0,2017-09-30T04:28:47Z,VALID
339,1705_20170930_042947_062.flac,d:\ALL\whistles\encounter_191_audio\1705_20170930_042947_062.flac,b9c1367114f0d28aca8e11e6cfa79b8ca1b81c21a8a3a5e566a1df38144b1b84,189366280,500000,6,30000000,60.0,2017-09-30T04:29:47Z,VALID
340,1705_20170930_043047_062.flac,d:\ALL\whistles\encounter_191_audio\1705_20170930_043047_062.flac,f56d6af9485ca6e9d2d432b19c4ccdb2b15c070c35bac9c7c58b44ae27c96bd7,189418034,500000,6,30000000,60.0,2017-09-30T04:30:47Z,VALID
341,1705_20170930_043147_062.flac,d:\ALL\whistles\encounter_191_audio\1705_20170930_043147_062.flac,2b7884ee23a77231dd426930f0f566373c14e1f1970bb5bbaf9a6f25c4750193,189402647,500000,6,30000000,60.0,2017-09-30T04:31:47Z,VALID
342,1705_20170930_043247_062.flac,d:\ALL\whistles\encounter_191_audio\1705_20170930_043247_062.flac,01cfb3504ba812c4f1b7fba4e480122f7f2e55338a31d62972a49b619f89f1d0,189360484,500000,6,30000000,60.0,2017-09-30T04:32:47Z,VALID
343,1705_20170930_043347_062.flac,d:\ALL\whistles\encounter_191_audio\1705_20170930_043347_062.flac,97dbd97eb49e6714797a4b133b94783098e5d392a5e3a7eb55d8a060fb564aaf,189380552,500000,6,30000000,60.0,2017-09-30T04:33:47Z,VALID
344,1705_20170930_043447_062.flac,d:\ALL\whistles\encounter_191_audio\1705_20170930_043447_062.flac,6f9f0288ceeb1761631ae10c5b3050d0ac424c867539e726aefce912e8b30009,189356654,500000,6,30000000,60.0,2017-09-30T04:34:47Z,VALID
345,1705_20170930_043547_062.flac,d:\ALL\whistles\encounter_191_audio\1705_20170930_043547_062.flac,b8ae10c4fc5b2860e4435dcb552d4a83ef2d566364e79d88c6eaeaac875d2369,189368306,500000,6,30000000,60.0,2017-09-30T04:35:47Z,VALID
346,1705_20170930_043647_062.flac,d:\ALL\whistles\encounter_191_audio\1705_20170930_043647_062.flac,2c60b3a52331ab44b596193f43b2a5a41471f18c3787d63d7adf71faccb7f9b2,189388040,500000,6,30000000,60.0,2017-09-30T04:36:47Z,VALID
347,1705_20170930_043747_062.flac,d:\ALL\whistles\encounter_191_audio\1705_20170930_043747_062.flac,251dabbfda7673f29827097fcaf606b4e0d7693323ae5473362e29f8369014fe,189391645,500000,6,30000000,60.0,2017-09-30T04:37:47Z,VALID
348,1705_20170930_043847_062.flac,d:\ALL\whistles\encounter_191_audio\1705_20170930_043847_062.flac,fcc2af457dcefbd4cd2b21a81e73dfe1bc1635fffe3321377518d32b6cc79152,189397949,500000,6,30000000,60.0,2017-09-30T04:38:47Z,VALID
349,1705_20170930_043947_062.flac,d:\ALL\whistles\encounter_191_audio\1705_20170930_043947_062.flac,13f8d602bfb27aa6063da286e653a8ee3cd1e6a85991b47b47850900f85189e3,189376912,500000,6,30000000,60.0,2017-09-30T04:39:47Z,VALID
350,1705_20170930_044047_062.flac,d:\ALL\whistles\encounter_191_audio\1705_20170930_044047_062.flac,3253d9d031f76421ff7111278d3619714dc1ff24c887141a613dfeb3d6171747,189395167,500000,6,30000000,60.0,2017-09-30T04:40:47Z,VALID
351,1705_20170930_044147_062.flac,d:\ALL\whistles\encounter_191_audio\1705_20170930_044147_062.flac,02ff635c6446c0e132621b33c75e668e8ff5433b7db4f4746aa0c650c87d3d20,189368197,500000,6,30000000,60.0,2017-09-30T04:41:47Z,VALID
352,1705_20170930_044247_062.flac,d:\ALL\whistles\encounter_191_audio\1705_20170930_044247_062.flac,84e71742fbc90cd85a44fffcb8e539d93293628cbcc40a08bc634823ddd078bf,189380720,500000,6,30000000,60.0,2017-09-30T04:42:47Z,VALID
353,1705_20170930_044347_062.flac,d:\ALL\whistles\encounter_191_audio\1705_20170930_044347_062.flac,61ceb6247c549fff4c6d90982bf9ba613f9c1ba6c288f222837390fec71260a3,189363549,500000,6,30000000,60.0,2017-09-30T04:43:47Z,VALID
354,1705_20170930_044447_062.flac,d:\ALL\whistles\encounter_191_audio\1705_20170930_044447_062.flac,a246ef1faf5c99517a82f037ea90362259f429ff62b0a9800a4e2db4ef25a3c5,189364751,500000,6,30000000,60.0,2017-09-30T04:44:47Z,VALID
355,1705_20170930_044547_062.flac,d:\ALL\whistles\encounter_191_audio\1705_20170930_044547_062.flac,f61975215df9376839303f6c0c1f998493d308be4648f8d4bd825dc10706f25c,189378392,500000,6,30000000,60.0,2017-09-30T04:45:47Z,VALID
356,1705_20170930_044647_062.flac,d:\ALL\whistles\encounter_191_audio\1705_20170930_044647_062.flac,26dcad6ebadce66653becfc6600145bf30289e2c8edf9f278a8d8d322ac20038,189395047,500000,6,30000000,60.0,2017-09-30T04:46:47Z,VALID
357,1705_20170930_044747_062.flac,d:\ALL\whistles\encounter_191_audio\1705_20170930_044747_062.flac,1642d767f7975a47fa9b627b81b8c144100ff2b1dd570f9fc175b34c0f231715,189388480,500000,6,30000000,60.0,2017-09-30T04:47:47Z,VALID
358,1705_20170930_044847_062.flac,d:\ALL\whistles\encounter_191_audio\1705_20170930_044847_062.flac,44a07c41a7246995e881637dc9aa8cb5125fb7f4b089961d45703432e56ecd5e,189403067,500000,6,30000000,60.0,2017-09-30T04:48:47Z,VALID
359,1705_20170930_044947_062.flac,d:\ALL\whistles\encounter_191_audio\1705_20170930_044947_062.flac,a0adc0821e943cbcaa340a19c96a4eb10a318840b4e7024b3f3c8d672d503ccd,189376324,500000,6,30000000,60.0,2017-09-30T04:49:47Z,VALID
360,1705_20170930_045047_062.flac,d:\ALL\whistles\encounter_191_audio\1705_20170930_045047_062.flac,4ca46aff179eafefa01d369b3f2ee472d5dc351736252cd88bed2fce852a4a6f,189407122,500000,6,30000000,60.0,2017-09-30T04:50:47Z,VALID
361,1705_20170930_045147_062.flac,d:\ALL\whistles\encounter_191_audio\1705_20170930_045147_062.flac,8ffe57edc58e5daf1e58f7179762aa6d9e8cdc01d92687d740b9529a548c0d85,189404265,500000,6,30000000,60.0,2017-09-30T04:51:47Z,VALID
362,1705_20170930_045247_062.flac,d:\ALL\whistles\encounter_191_audio\1705_20170930_045247_062.flac,9d6a7b3e30e5968cfcfc8673de60c376002fa74e73dccea85017915880d28ca6,189403848,500000,6,30000000,60.0,2017-09-30T04:52:47Z,VALID
